"Occupation";"Total_employment"
"All Occupations";135128260
"Office and Administrative Support Occupations";21638470
"Sales and Related Occupations";14248470
"Food Preparation and Serving Related Occupations";12277720
"Transportation and Material Moving Occupations";9249310
"Production Occupations";8934050
"Retail Sales Workers";8648920
"Education, Training, and Library Occupations";8435780
"Healthcare Practitioners and Technical Occupations";7854380
"Food and Beverage Serving Workers";6883630
"Business and Financial Operations Occupations";6828940
"Management Occupations";6741640
"Information and Record Clerks";5439370
"Construction and Extraction Occupations";5290270
"Installation, Maintenance, and Repair Occupations";5244670
"Health Diagnosing and Treating Practitioners";4833840
"Retail Salespersons";4562160
"Building and Grounds Cleaning and Maintenance Occupations";4371450
"Material Moving Workers";4364160
"Business Operations Specialists";4264370
"Personal Care and Service Occupations";4154360
"Preschool, Primary, Secondary, and Special Education School Teachers";4045100
"Healthcare Support Occupations";3940500
"Other Office and Administrative Support Workers";3925760
"Construction Trades Workers";3915350
"Material Recording, Scheduling, Dispatching, and Distributing Workers";3880030
"Computer and Mathematical Occupations";3834180
"Motor Vehicle Operators";3741430
"Computer Occupations";3692980
"Secretaries and Administrative Assistants";3649920
"Fast Food and Counter Workers";3607860
"Laborers and Material Movers, Hand";3519730
"Cashiers";3417910
"Protective Service Occupations";3297180
"Financial Clerks";3217850
"Building Cleaning and Pest Control Workers";3150530
"Combined Food Preparation and Serving Workers, Including Fast Food";3131390
"Building Cleaning Workers";3082890
"Cooks and Food Preparation Workers";3077690
"Office Clerks, General";2889970
"Health Technologists and Technicians";2876000
"Driver/Sales Workers and Truck Drivers";2828110
"Other Installation, Maintenance, and Repair Occupations";2729400
"Registered Nurses";2687310
"Financial Specialists";2564560
"Other Personal Care and Service Workers";2556920
"Customer Service Representatives";2511130
"Other Production Occupations";2471030
"Waiters and Waitresses";2445230
"Architecture and Engineering Occupations";2418020
"Laborers and Freight, Stock, and Material Movers, Hand";2400490
"Nursing, Psychiatric, and Home Health Aides";2352100
"Top Executives";2351130
"Cooks";2227470
"Secretaries and Administrative Assistants, Except Legal, Medical, and Executive";2207220
"Janitors and Cleaners, Except Maids and Housekeeping Cleaners";2137730
"Other Management Occupations";2136840
"General and Operations Managers";2049870
"Elementary and Middle School Teachers";1997640
"Community and Social Service Occupations";1930750
"Metal Workers and Plastic Workers";1918310
"Stock Clerks and Order Fillers";1878860
"Counselors, Social Workers, and Other Community and Social Service Specialists";1857280
"Assemblers and Fabricators";1810560
"Arts, Design, Entertainment, Sports, and Media Occupations";1793700
"Sales Representatives, Services";1736660
"Sales Representatives, Wholesale and Manufacturing";1730180
"Heavy and Tractor-Trailer Truck Drivers";1625290
"Operations Specialties Managers";1624000
"Bookkeeping, Accounting, and Auditing Clerks";1575060
"Engineers";1574480
"Postsecondary Teachers";1522210
"Vehicle and Mobile Equipment Mechanics, Installers, and Repairers";1507680
"Software Developers and Programmers";1492040
"Other Protective Service Workers";1485490
"Other Education, Training, and Library Occupations";1453820
"Supervisors of Sales Workers";1448550
"First-Line Supervisors of Sales Workers";1448550
"Nursing Assistants";1427740
"Other Healthcare Support Occupations";1421960
"Supervisors of Office and Administrative Support Workers";1404070
"First-Line Supervisors of Office and Administrative Support Workers";1404070
"Sales Representatives, Wholesale and Manufacturing, Except Technical and Scientific Products";1394640
"Miscellaneous Assemblers and Fabricators";1384290
"Elementary School Teachers, Except Special Education";1353020
"Miscellaneous Healthcare Support Occupations";1334290
"Other Food Preparation and Serving Related Workers";1330930
"Maintenance and Repair Workers, General";1282920
"Personal Care Aides";1257000
"Law Enforcement Workers";1216140
"First-Line Supervisors of Retail Sales Workers";1199770
"Teacher Assistants";1192590
"Accountants and Auditors";1187310
"Other Teachers and Instructors";1160720
"Life, Physical, and Social Science Occupations";1144440
"Team Assemblers";1125160
"Cooks, Restaurant";1104790
"Security Guards and Gaming Surveillance Officers";1087550
"Security Guards";1077520
"Legal Occupations";1052900
"Secondary School Teachers";1041940
"Supervisors of Food Preparation and Serving Workers";985470
"Receptionists and Information Clerks";981150
"Secondary School Teachers, Except Special and Career/Technical Education";960380
"Grounds Maintenance Workers";950780
"Miscellaneous Business Operations Specialists";934370
"Business Operations Specialists, All Other";934370
"Maids and Housekeeping Cleaners";929540
"Miscellaneous Teachers and Instructors";892360
"Landscaping and Groundskeeping Workers";868770
"First-Line Supervisors of Food Preparation and Serving Workers";867340
"Construction Laborers";852870
"Food Preparation Workers";850220
"Miscellaneous Production Workers";834750
"Miscellaneous Sales Representatives, Services";826650
"Sales Representatives, Services, All Other";826650
"Home Health Aides";799080
"Light Truck or Delivery Services Drivers";797010
"Automotive Technicians and Repairers";786200
"Food Processing Workers";767460
"Computer Support Specialists";738030
"Executive Secretaries and Executive Administrative Assistants";713730
"Health Practitioner Support Technologists and Technicians";700820
"Licensed Practical and Licensed Vocational Nurses";695610
"Packers and Packagers, Hand";693170
"Software Developers, Applications";686470
"Other Sales and Related Workers";684170
"Drafters, Engineering Technicians, and Mapping Technicians";682950
"Counter and Rental Clerks and Parts Salespersons";668850
"Lawyers, Judges, and Related Workers";663910
"Shipping, Receiving, and Traffic Clerks";661530
"Bus Drivers";657500
"Police Officers";642190
"Miscellaneous Community and Social Service Specialists";640230
"Police and Sheriff's Patrol Officers";638810
"Physicians and Surgeons";633480
"Automotive Service Technicians and Mechanics";633390
"Middle School Teachers, Except Special and Career/Technical Education";630620
"Advertising, Marketing, Promotions, Public Relations, and Sales Managers";629670
"Substitute Teachers";622600
"Database and Systems Administrators and Network Architects";617680
"Carpenters";617060
"Lawyers and Judicial Law Clerks";614970
"Counselors";613750
"Therapists";609870
"Computer and Information Analysts";608500
"Lawyers";603310
"Social Workers";603300
"Supervisors of Production Workers";592830
"First-Line Supervisors of Production and Operating Workers";592830
"Management Analysts";587450
"Medical Assistants";584970
"Childcare Workers";582970
"Bartenders";579700
"Textile, Apparel, and Furnishings Workers";574440
"Electrical and Electronic Equipment Mechanics, Installers, and Repairers";572780
"Electricians";566930
"Computer User Support Specialists";563540
"Recreation and Fitness Workers";562110
"Entertainment Attendants and Related Workers";560350
"Media and Communication Workers";556340
"Financial Analysts and Advisors";550820
"Marketing and Sales Managers";543410
"Human Resources Workers";536900
"Art and Design Workers";531920
"Computer Systems Analysts";528320
"Industrial Truck and Tractor Operators";521840
"Cooks, Fast Food";519910
"Financial Managers";518030
"Medical Secretaries";516050
"Tellers";514520
"Preschool and Kindergarten Teachers";510650
"Dishwashers";502280
"Postal Service Workers";501000
"Bus Drivers, School or Special Client";499440
"Supervisors of Construction and Extraction Workers";496370
"First-Line Supervisors of Construction Trades and Extraction Workers";496370
"Special Education Teachers";494870
"Personal Appearance Workers";493840
"Entertainers and Performers, Sports and Related Workers";491110
"Billing and Posting Clerks";490860
"Inspectors, Testers, Sorters, Samplers, and Weighers";489750
"Counter Attendants, Cafeteria, Food Concession, and Coffee Shop";476470
"Market Research Analysts and Marketing Specialists";468160
"Miscellaneous Postsecondary Teachers";458990
"Human Resources Specialists";456170
"Bailiffs, Correctional Officers, and Jailers";450730
"Farming, Fishing, and Forestry Occupations";447130
"Industrial Machinery Installation, Repair, and Maintenance Workers";445630
"Designers";445200
"Education Administrators";441950
"Counter and Rental Clerks";437610
"Supervisors of Installation, Maintenance, and Repair Workers";434810
"First-Line Supervisors of Mechanics, Installers, and Repairers";434810
"Correctional Officers and Jailers";434420
"Engineering Technicians, Except Drafters";432950
"Welding, Soldering, and Brazing Workers";424960
"Helpers--Production Workers";420520
"Pipelayers, Plumbers, Pipefitters, and Steamfitters";413650
"Dining Room and Cafeteria Attendants and Bartender Helpers";410460
"Buyers and Purchasing Agents";410230
"Driver/Sales Workers";405810
"Construction Equipment Operators";402920
"Cooks, Institution and Cafeteria";402800
"Machinists";392700
"Legal Support Workers";388990
"Other Construction and Related Workers";384390
"Agricultural Workers";383570
"Software Developers, Systems Software";382400
"Packaging and Filling Machine Operators and Tenders";381760
"Insurance Sales Agents";374700
"Supervisors of Transportation and Material Moving Workers";374480
"Butchers and Other Meat, Poultry, and Fish Processing Workers";373440
"Hosts and Hostesses, Restaurant, Lounge, and Coffee Shop";372670
"Plumbers, Pipefitters, and Steamfitters";372570
"Welders, Cutters, Solderers, and Brazers";369610
"Pharmacy Technicians";368760
"Network and Computer Systems Administrators";365430
"Miscellaneous Managers";361900
"Managers, All Other";361900
"Sales Managers";358920
"Diagnostic Related Technologists and Technicians";357690
"Miscellaneous Protective Service Workers";357610
"Barbers, Hairdressers, Hairstylists and Cosmetologists";357280
"Social and Human Service Assistants";354800
"Preschool Teachers, Except Special Education";352420
"Life, Physical, and Social Science Technicians";351990
"Miscellaneous Installation, Maintenance, and Repair Workers";349210
"Bill and Account Collectors";346960
"Operating Engineers and Other Construction Equipment Operators";344510
"Hairdressers, Hairstylists, and Cosmetologists";343140
"Machine Tool Cutting Setters, Operators, and Tenders, Metal and Plastic";342520
"Sales Representatives, Wholesale and Manufacturing, Technical and Scientific Products";335540
"Miscellaneous Agricultural Workers";332560
"Other Transportation Workers";331570
"Computer and Information Systems Managers";330360
"Credit Counselors and Loan Officers";330180
"Clinical Laboratory Technologists and Technicians";322170
"Fire Fighting and Prevention Workers";321790
"Cleaners of Vehicles and Equipment";321740
"Recreation Workers";321110
"Securities, Commodities, and Financial Services Sales Agents";316340
"Miscellaneous Entertainment Attendants and Related Workers";315910
"Plant and System Operators";315200
"Dental Assistants";314330
"Industrial Machinery Mechanics";313880
"Physicians and Surgeons, All Other";311320
"Medical and Health Services Managers";310320
"Firefighters";308790
"Electrical and Electronics Engineers";308530
"Postal Service Mail Carriers";307490
"Computer Programmers";302150
"Loan Officers";300580
"Production, Planning, and Expediting Clerks";297050
"Pharmacists";290780
"Purchasing Agents, Except Wholesale, Retail, and Farm Products";288430
"Data Entry and Information Processing Workers";287240
"Dispatchers";286710
"Child, Family, and School Social Workers";286520
"Arts, Communications, and Humanities Teachers, Postsecondary";281020
"Claims Adjusters, Appraisers, Examiners, and Investigators";279980
"Life Scientists";278790
"Physical Scientists";274510
"Amusement and Recreation Attendants";274230
"Supervisors of Protective Service Workers";273750
"Paralegals and Legal Assistants";272580
"Mechanical Engineers";270700
"Supervisors of Building and Grounds Cleaning and Maintenance Workers";270150
"First-Line Supervisors of Building and Grounds Cleaning and Maintenance Workers";270150
"Teachers and Instructors, All Other, Except Substitute Teachers";269760
"Extraction Workers";269660
"Farmworkers and Laborers, Crop, Nursery, and Greenhouse";269650
"Electrical, Electronics, and Electromechanical Assemblers";269250
"Administrative Services Managers";268730
"Claims Adjusters, Examiners, and Investigators";266280
"Civil Engineers";263460
"Financial Analysts";262610
"Industrial Engineers, Including Health and Safety";261510
"Heating, Air Conditioning, and Refrigeration Mechanics and Installers";261390
"Printing Workers";254360
"Librarians, Curators, and Archivists";253930
"Insurance Claims and Policy Processing Clerks";252670
"Food Servers, Nonrestaurant";250840
"First-Line Supervisors of Non-Retail Sales Workers";248770
"Compliance Officers";246970
"Educational, Guidance, School, and Vocational Counselors";246280
"Chief Executives";246240
"Bus and Truck Mechanics and Diesel Engine Specialists";243080
"Air Transportation Workers";242350
"Hotel, Motel, and Resort Desk Clerks";241140
"Fitness Trainers and Aerobics Instructors";241000
"Athletes, Coaches, Umpires, and Related Workers";240780
"Training and Development Specialists";239500
"Social Scientists and Related Workers";239140
"Assemblers and Fabricators, All Other";238720
"Industrial Engineers";236990
"Emergency Medical Technicians and Paramedics";235760
"Miscellaneous Electrical and Electronic Equipment Mechanics, Installers, and Repairers";234920
"Telemarketers";234520
"Miscellaneous Office and Administrative Support Workers";234180
"Office and Administrative Support Workers, All Other";234180
"Education Administrators, Elementary and Secondary School";231800
"Parts Salespersons";231240
"Woodworkers";229870
"Line Installers and Repairers";228960
"Construction Managers";227710
"Radio and Telecommunications Equipment Installers and Repairers";226930
"Health Teachers, Postsecondary";224930
"Helpers, Construction Trades";224500
"Miscellaneous Food Processing Workers";220290
"Production Workers, All Other";217500
"Media and Communication Equipment Workers";214330
"Telecommunications Equipment Installers and Repairers, Except Line Installers";213620
"Legal Secretaries";212910
"Miscellaneous Computer Occupations";212510
"Computer Occupations, All Other";212510
"Loan Interviewers and Clerks";212440
"Coaches and Scouts";211760
"Cost Estimators";209130
"Painters and Paperhangers";208170
"Public Relations Specialists";208030
"Electrical and Electronic Equipment Assemblers";207330
"Data Entry Keyers";205950
"Painters, Construction and Maintenance";204600
"Self-Enrichment Education Teachers";202360
"Special Education Teachers, Kindergarten and Elementary School";200820
"Physical Therapists";200670
"Laundry and Dry-Cleaning Workers";199330
"Drafters";199260
"Food Service Managers";198610
"Graphic Designers";197540
"First-Line Supervisors of Transportation and Material-Moving Machine and Vehicle Operators";197000
"Dental Hygienists";196520
"Personal Financial Advisors";196490
"Real Estate Brokers and Sales Agents";196380
"Radiologic Technologists";193400
"Supervisors of Personal Care and Service Workers";193090
"Interviewers, Except Eligibility and Loan";190710
"Order Clerks";190390
"Dispatchers, Except Police, Fire, and Ambulance";190330
"Cutting, Punching, and Press Machine Setters, Operators, and Tenders, Metal and Plastic";190250
"Postsecondary Teachers, All Other";189490
"Writers and Editors";189060
"Medical Records and Health Information Technicians";184740
"Marketing Managers";184490
"Crushing, Grinding, Polishing, Mixing, and Blending Workers";181960
"Cooks, Short Order";180800
"Architectural and Engineering Managers";179320
"Taxi Drivers and Chauffeurs";178260
"Miscellaneous Information and Record Clerks";175530
"Information and Record Clerks, All Other";175530
"Heavy Vehicle and Mobile Equipment Service Technicians and Mechanics";174690
"Electrical Engineers";174550
"Computer Network Support Specialists";174490
"Bakers";173730
"Animal Care and Service Workers";172990
"Computer Control Programmers and Operators";172990
"First-Line Supervisors of Helpers, Laborers, and Material Movers, Hand";171720
"Property, Real Estate, and Community Association Managers";171140
"First-Line Supervisors of Housekeeping and Janitorial Workers";168960
"Health Specialties Teachers, Postsecondary";168090
"Industrial Production Managers";167200
"Printing Press Operators";166750
"Occupational Therapy and Physical Therapist Assistants and Aides";166440
"Payroll and Timekeeping Clerks";166400
"First-Line Supervisors of Personal Service Workers";161990
"Nonfarm Animal Caretakers";161820
"Medical and Clinical Laboratory Technologists";161710
"Architects, Surveyors, and Cartographers";160590
"Medical and Clinical Laboratory Technicians";160460
"Kindergarten Teachers, Except Special Education";158240
"Bus Drivers, Transit and Intercity";158050
"Real Estate Sales Agents";157660
"Painting Workers";156830
"Actors, Producers, and Directors";156510
"Cement Masons, Concrete Finishers, and Terrazzo Workers";155820
"Advertising Sales Agents";154220
"Cement Masons and Concrete Finishers";152570
"Meat, Poultry, and Fish Cutters and Trimmers";150310
"File Clerks";148280
"Computer-Controlled Machine Tool Operators, Metal and Plastic";148040
"First-Line Supervisors of Law Enforcement Workers";146560
"Healthcare Social Workers";145920
"Miscellaneous Life, Physical, and Social Science Technicians";144780
"Other Healthcare Practitioners and Technical Occupations";144540
"Sewing Machine Operators";142070
"Mathematical Science Occupations";141200
"Highway Maintenance Workers";140650
"Molders and Molding Machine Setters, Operators, and Tenders, Metal and Plastic";140410
"Computer Network Architects";140080
"Installation, Maintenance, and Repair Workers, All Other";138460
"Reservation and Transportation Ticket Agents and Travel Clerks";138260
"Miscellaneous Financial Specialists";137460
"Financial Specialists, All Other";137460
"Automotive Body and Related Repairers";137140
"Butchers and Meat Cutters";137050
"Electrical and Electronics Engineering Technicians";137040
"Miscellaneous Personal Appearance Workers";136550
"Parking Lot Attendants";136440
"Special Education Teachers, Secondary School";135520
"Human Resources Assistants, Except Payroll and Timekeeping";135270
"Lifeguards, Ski Patrol, and Other Recreational Protective Service Workers";135070
"Electronics Engineers, Except Computer";133990
"Instructional Coordinators";133780
"Librarians";133150
"Sheet Metal Workers";132530
"Tax Examiners, Collectors and Preparers, and Revenue Agents";132230
"Education Administrators, Postsecondary";131070
"Environmental Scientists and Geoscientists";129310
"Molding, Coremaking, and Casting Machine Setters, Operators, and Tenders, Metal and Plastic";128540
"Court, Municipal, and License Clerks";128490
"Forming Machine Setters, Operators, and Tenders, Metal and Plastic";127240
"Helpers--Installation, Maintenance, and Repair Workers";126980
"Speech-Language Pathologists";126500
"Graduate Teaching Assistants";126030
"Logisticians";125670
"Physical Therapist Assistants and Aides";125640
"Family and General Practitioners";124810
"Miscellaneous Engineers";124570
"Engineers, All Other";124570
"Gaming Services Workers";124440
"Rail Transportation Workers";122870
"Mixing and Blending Machine Setters, Operators, and Tenders";122670
"Eligibility Interviewers, Government Programs";122400
"Nurse Practitioners";122050
"Miscellaneous Vehicle and Mobile Equipment Mechanics, Installers, and Repairers";122030
"Postal Service Mail Sorters, Processors, and Processing Machine Operators";121590
"Communications Equipment Operators";121470
"Vocational Education Teachers, Postsecondary";121200
"Web Developers";121020
"Food Batchmakers";120850
"Mental Health Counselors";120010
"Respiratory Therapists";119410
"Mobile Heavy Equipment Mechanics, Except Engines";119280
"Chefs and Head Cooks";118130
"Psychologists";117820
"Woodworking Machine Setters, Operators, and Tenders";117120
"Aircraft Mechanics and Service Technicians";116830
"Social and Community Service Managers";116670
"Human Resources Managers";116610
"Miscellaneous Legal Support Workers";116410
"Social Sciences Teachers, Postsecondary";116310
"Dentists";115390
"Refuse and Recyclable Material Collectors";115170
"Electrical Power-Line Installers and Repairers";114540
"Telecommunications Line Installers and Repairers";114420
"Aircraft Pilots and Flight Engineers";113920
"Ushers, Lobby Attendants, and Ticket Takers";113700
"Protective Service Workers, All Other";113020
"Database Administrators";112170
"Phlebotomists";111950
"Water and Wastewater Treatment Plant and System Operators";111640
"Computer, Automated Teller, and Office Machine Repairers";110940
"Wholesale and Retail Buyers, Except Farm Products";110560
"Occupational Therapists";110520
"Miscellaneous Education, Training, and Library Workers";109600
"Education, Training, and Library Workers, All Other";109600
"Miscellaneous Health Technologists and Technicians";109580
"Mental Health and Substance Abuse Social Workers";109460
"Derrick, Rotary Drill, and Service Unit Operators, Oil, Gas, and Mining";109320
"Switchboard Operators, Including Answering Service";108890
"Detectives and Criminal Investigators";108720
"Chemical Processing Machine Setters, Operators, and Tenders";108030
"Miscellaneous Plant and System Operators";107130
"Architects, Except Naval";107000
"Medical Scientists";106160
"Transportation, Storage, and Distribution Managers";106000
"Automotive and Watercraft Service Attendants";104750
"Clinical, Counseling, and School Psychologists";104730
"Machine Feeders and Offbearers";104340
"Rehabilitation Counselors";103890
"Roofers";103650
"Biological Scientists";103210
"Miscellaneous Metal Workers and Plastic Workers";102920
"Drywall Installers, Ceiling Tile Installers, and Tapers";101850
"Broadcast and Sound Engineering Technicians and Radio Operators";101660
"First-Line Supervisors of Police and Detectives";101420
"First-Line Supervisors of Landscaping, Lawn Service, and Groundskeeping Workers";101190
"Library Assistants, Clerical";100800
"Medical Scientists, Except Epidemiologists";100740
"Tire Repairers and Changers";100510
"Mail Clerks and Mail Machine Operators, Except Postal Service";99190
"Healthcare Support Workers, All Other";98980
"Flight Attendants";98510
"Surgical Technologists";98450
"Multiple Machine Tool Setters, Operators, and Tenders, Metal and Plastic";98160
"Dentists, General";97990
"Art, Drama, and Music Teachers, Postsecondary";97500
"Editors";97350
"Producers and Directors";97300
"Miscellaneous Sales and Related Workers";96440
"Police, Fire, and Ambulance Dispatchers";96390
"Health Technologists and Technicians, All Other";96170
"Gaming Dealers";96060
"Residential Advisors";95750
"Special Education Teachers, Middle School";94820
"Library Technicians";94260
"Community and Social Service Specialists, All Other";93710
"Veterinary Technologists and Technicians";93300
"Merchandise Displayers and Window Trimmers";93000
"Chemists and Materials Scientists";92870
"Paper Goods Machine Setters, Operators, and Tenders";92170
"Insurance Underwriters";91720
"Physician Assistants";91670
"Architectural and Civil Drafters";91520
"Maintenance Workers, Machinery";90730
"Coating, Painting, and Spraying Machine Setters, Operators, and Tenders";90590
"Math and Computer Teachers, Postsecondary";89420
"Architects, Except Landscape and Naval";88900
"Sales and Related Workers, All Other";88830
"Environmental Scientists and Specialists, Including Health";88740
"Models, Demonstrators, and Product Promoters";88740
"Construction and Building Inspectors";88410
"Cabinetmakers and Bench Carpenters";88170
"Massage Therapists";87670
"Operations Research Analysts";86950
"Probation Officers and Correctional Treatment Specialists";86810
"Artists and Related Workers";86710
"Slaughterers and Meat Packers";86070
"Chemists";85970
"Substance Abuse and Behavioral Disorder Counselors";85180
"Business Teachers, Postsecondary";85030
"Drywall and Ceiling Tile Installers";85020
"Demonstrators and Product Promoters";83600
"Career/Technical Education Teachers, Secondary School";81560
"Word Processors and Typists";81300
"Compensation, Benefits, and Job Analysis Specialists";80970
"Information Security Analysts";80180
"Labor Relations Specialists";79780
"Occupational Health and Safety Specialists and Technicians";79120
"Manicurists and Pedicurists";79090
"Cutting Workers";78090
"Structural Metal Fabricators and Fitters";78050
"Meeting, Convention, and Event Planners";77940
"Cargo and Freight Agents";77480
"Physical Therapist Assistants";76910
"Computer Hardware Engineers";76360
"English Language and Literature Teachers, Postsecondary";76320
"Medical, Dental, and Ophthalmic Laboratory Technicians";76220
"Tool and Die Makers";75950
"Airline Pilots, Copilots, and Flight Engineers";75760
"Baggage Porters, Bellhops, and Concierges";75220
"Miscellaneous Media and Communication Workers";74990
"Textile Machine Setters, Operators, and Tenders";74390
"Religious Workers";73470
"Roustabouts, Oil and Gas";73450
"Opticians, Dispensing";73110
"Psychiatric Aides";72860
"Biological Technicians";72640
"Extruding and Drawing Machine Setters, Operators, and Tenders, Metal and Plastic";72520
"Water Transportation Workers";72450
"Carpet, Floor, and Tile Installers and Finishers";71980
"Postal Service Clerks";71910
"Couriers and Messengers";71760
"Civil Engineering Technicians";71300
"Miscellaneous Textile, Apparel, and Furnishings Workers";71090
"Veterinary Assistants and Laboratory Animal Caretakers";71060
"Purchasing Managers";70840
"Woodworking Machine Setters, Operators, and Tenders, Except Sawing";70810
"Brickmasons, Blockmasons, and Stonemasons";70580
"Procurement Clerks";70190
"Grinding, Lapping, Polishing, and Buffing Machine Tool Setters, Operators, and Tenders, Metal and Plastic";70130
"Weighers, Measurers, Checkers, and Samplers, Recordkeeping";69430
"Credit Analysts";69390
"Aerospace Engineers";69080
"Tax Preparers";68590
"Helpers--Electricians";68280
"Sales Engineers";68080
"Engineering Technicians, Except Drafters, All Other";67640
"Pest Control Workers";67640
"Extruding, Forming, Pressing, and Compacting Machine Setters, Operators, and Tenders";67490
"Miscellaneous First-Line Supervisors, Protective Service Workers";67310
"First-Line Supervisors of Protective Service Workers, All Other";67310
"Life, Physical, and Social Science Technicians, All Other";67140
"Office Machine Operators, Except Computer";66530
"Crossing Guards";66310
"Adult Basic and Secondary Education and Literacy Teachers and Instructors";65990
"Electrical and Electronics Repairers, Commercial and Industrial Equipment";65900
"Precision Instrument and Equipment Repairers";65810
"Industrial Engineering Technicians";65680
"Miscellaneous Health Practitioners and Technical Workers";65420
"Occupational Health and Safety Specialists";65130
"Small Engine Mechanics";64860
"Travel Agents";64750
"Chemical Equipment Operators and Tenders";64710
"Psychiatric Technicians";64540
"Education and Library Science Teachers, Postsecondary";64510
"Life Sciences Teachers, Postsecondary";64490
"Mechanical Drafters";64070
"Funeral Service Workers";63770
"Chemical Technicians";63760
"Tax Examiners and Collectors, and Revenue Agents";63640
"Appraisers and Assessors of Real Estate";63220
"Cutting and Slicing Machine Setters, Operators, and Tenders";62570
"Veterinarians";62470
"Service Unit Operators, Oil, Gas, and Mining";62080
"Social Workers, All Other";61410
"Medical Transcriptionists";61210
"Musicians, Singers, and Related Workers";60770
"Audio and Video Equipment Technicians";60200
"Security and Fire Alarm Systems Installers";60160
"Structural Iron and Steel Workers";60010
"Education Teachers, Postsecondary";59980
"First-Line Supervisors of Fire Fighting and Prevention Workers";59870
"Diagnostic Medical Sonographers";59760
"Dietitians and Nutritionists";59490
"Brickmasons and Blockmasons";59340
"Actors";59210
"Miscellaneous Personal Care and Service Workers";59090
"Personal Care and Service Workers, All Other";59090
"Power Plant Operators, Distributors, and Dispatchers";58880
"Control and Valve Installers and Repairers";58510
"Miscellaneous Motor Vehicle Operators";58210
"Motor Vehicle Operators, All Other";58210
"Computer Operators";58060
"Brokerage Clerks";57240
"Budget Analysts";57120
"Health Educators";57020
"Public Relations and Fundraising Managers";56920
"Nursing Instructors and Teachers, Postsecondary";56840
"Welding, Soldering, and Brazing Machine Setters, Operators, and Tenders";55360
"Fundraisers";55230
"Legislators";55020
"Paving, Surfacing, and Tamping Equipment Operators";54940
"Mathematical Science Teachers, Postsecondary";54010
"Dredge, Excavating, and Loading Machine Operators";53590
"Surveyors, Cartographers, and Photogrammetrists";53580
"Natural Sciences Managers";53290
"Environmental Engineers";53240
"Title Examiners, Abstractors, and Searchers";52960
"Insulation Workers";52850
"Biological Science Teachers, Postsecondary";52750
"Orderlies";52420
"New Accounts Clerks";52260
"Photographers";52250
"Physical Sciences Teachers, Postsecondary";51820
"Print Binding and Finishing Workers";51430
"Helpers--Pipelayers, Plumbers, Pipefitters, and Steamfitters";51350
"Cardiovascular Technologists and Technicians";51080
"Surveying and Mapping Technicians";50750
"Medical Equipment Preparers";50550
"Pressers, Textile, Garment, and Related Materials";50150
"Painters, Transportation Equipment";49950
"Interpreters and Translators";49460
"Miscellaneous Social Scientists and Related Workers";49170
"Judges, Magistrates, and Other Judicial Workers";48940
"Physical Therapist Aides";48730
"Internists, General";48390
"Technical Writers";48210
"Community Health Workers";47880
"Mechanical Engineering Technicians";47560
"Excavating and Loading Machine and Dragline Operators";47470
"Education Administrators, Preschool and Childcare Center/Program";47150
"Electromechanical Equipment Assemblers";46990
"News Analysts, Reporters and Correspondents";46590
"Clergy";46510
"Credit Authorizers, Checkers, and Clerks";46320
"Sawing Machine Setters, Operators, and Tenders, Wood";46320
"Miscellaneous Food Preparation and Serving Related Workers";45520
"Food Preparation and Serving Related Workers, All Other";45520
"First-Line Supervisors of Correctional Officers";45150
"Legal Support Workers, All Other";45120
"Floral Designers";45050
"Interior Designers";45010
"Crane and Tower Operators";44540
"Forest, Conservation, and Logging Workers";44470
"Baggage Porters and Bellhops";44170
"Locomotive Engineers and Operators";43970
"Engineering and Architecture Teachers, Postsecondary";43840
"Food Processing Workers, All Other";43690
"Writers and Authors";43500
"Separating, Filtering, Clarifying, Precipitating, and Still Machine Setters, Operators, and Tenders";43310
"Transportation Security Screeners";43220
"Railroad Conductors and Yardmasters";42900
"Glaziers";42820
"Television, Video, and Motion Picture Camera Operators and Editors";42770
"Lathe and Turning Machine Tool Setters, Operators, and Tenders, Metal and Plastic";42570
"Reporters and Correspondents";42280
"Hazardous Materials Removal Workers";42250
"Surveyors";41970
"Law, Criminal Justice, and Social Work Teachers, Postsecondary";41850
"Petroleum Pump System Operators, Refinery Operators, and Gaugers";41700
"Medical Equipment Repairers";41430
"Control and Valve Installers and Repairers, Except Mechanical Door";41290
"Pharmacy Aides";41240
"Pipelayers";41080
"Surgeons";41070
"Healthcare Practitioners and Technical Workers, All Other";40840
"Occupational Therapy Assistants and Aides";40800
"Aircraft Structure, Surfaces, Rigging, and Systems Assemblers";40630
"Power Plant Operators";40300
"Miscellaneous Transportation Workers";39890
"Transportation Workers, All Other";39890
"Tree Trimmers and Pruners";39640
"Special Education Teachers, All Other";39620
"Millwrights";39290
"Musicians and Singers";38900
"Helpers--Carpenters";38900
"Conveyor Operators and Tenders";38830
"Real Estate Brokers";38720
"Locomotive Engineers";38470
"Engine and Other Machine Assemblers";38330
"Skincare Specialists";38290
"Tour and Travel Guides";38190
"Commercial Pilots";38170
"Psychology Teachers, Postsecondary";37930
"Announcers";37680
"Logging Workers";37600
"Stationary Engineers and Boiler Operators";37550
"Miscellaneous Financial Clerks";37510
"Financial Clerks, All Other";37510
"Chemical Plant and System Operators";37490
"Food Cooking Machine Operators and Tenders";36850
"Financial Examiners";36830
"Engineering Teachers, Postsecondary";36650
"Nurse Anesthetists";36590
"Ophthalmic Medical Technicians";36470
"Meter Readers, Utilities";36210
"Prepress Technicians and Workers";36180
"Graders and Sorters, Agricultural Products";36100
"Plating and Coating Machine Setters, Operators, and Tenders, Metal and Plastic";35900
"Urban and Regional Planners";35820
"Computer Science Teachers, Postsecondary";35410
"Farm Equipment Mechanics and Service Technicians";35320
"Dental Laboratory Technicians";35320
"Miscellaneous Health Diagnosing and Treating Practitioners";35310
"Health Diagnosing and Treating Practitioners, All Other";35310
"Tour Guides and Escorts";35100
"Funeral Attendants";34950
"Ship and Boat Captains and Operators";34760
"Molders, Shapers, and Casters, Except Metal and Plastic";34610
"Geoscientists, Except Hydrologists and Geographers";34000
"Environmental Science and Protection Technicians, Including Health";33760
"Petroleum Engineers";33740
"Chemical Engineers";33470
"Rolling Machine Setters, Operators, and Tenders, Metal and Plastic";33370
"Optometrists";33340
"Home Appliance Repairers";33270
"Art Directors";33140
"Magnetic Resonance Imaging Technologists";33130
"Miscellaneous Construction and Related Workers";32320
"Biological Scientists, All Other";32230
"Occupational Therapy Assistants";32230
"Social Scientists and Related Workers, All Other";32010
"Education Administrators, All Other";31920
"Lodging Managers";31740
"Agricultural and Food Scientists";31670
"Tile and Marble Setters";31590
"Farmworkers, Farm, Ranch, and Aquacultural Animals";31540
"Biochemists and Biophysicists";31350
"Construction and Related Workers, All Other";31190
"First-Line Supervisors of Gaming Workers";31100
"Concierges";31050
"Pediatricians, General";31010
"Foreign Language and Literature Teachers, Postsecondary";30880
"Coin, Vending, and Amusement Machine Servicers and Repairers";30840
"Captains, Mates, and Pilots of Water Vessels";30690
"Metal Furnace Operators, Tenders, Pourers, and Casters";30540
"Forest and Conservation Technicians";30310
"Radio and Television Announcers";30220
"Marriage and Family Therapists";30150
"Anesthesiologists";30060
"Crushing, Grinding, and Polishing Machine Setters, Operators, and Tenders";29980
"Air Traffic Controllers and Airfield Operations Specialists";29920
"Training and Development Managers";29870
"Chiropractors";29830
"Upholsterers";29770
"Credit Counselors";29600
"Pumping Station Operators";29590
"Communications Teachers, Postsecondary";29470
"Commercial and Industrial Designers";29410
"Electrical and Electronics Drafters";29390
"Advertising and Promotions Managers";29340
"Grinding and Polishing Workers, Hand";29320
"Outdoor Power Equipment and Other Small Engine Mechanics";29220
"Multimedia Artists and Animators";29000
"Photographic Process Workers and Processing Machine Operators";28800
"Dietetic Technicians";28690
"Insulation Workers, Mechanical";28660
"Conservation Scientists and Foresters";28350
"Counselors, All Other";28240
"Judges, Magistrate Judges, and Magistrates";28090
"Social Science Research Assistants";27780
"Sailors and Marine Oilers";27640
"Ophthalmic Laboratory Technicians";27610
"Statisticians";26970
"Private Detectives and Investigators";26880
"Broadcast Technicians";26600
"Electronic Home Entertainment Equipment Installers and Repairers";26590
"Archivists, Curators, and Museum Technicians";26510
"Rotary Drill Operators, Oil and Gas";26480
"Tailors, Dressmakers, and Sewers";26160
"Agricultural Equipment Operators";26100
"Carpet Installers";26050
"Logging Equipment Operators";26010
"Textile Winding, Twisting, and Drawing Out Machine Setters, Operators, and Tenders";25740
"Media and Communication Workers, All Other";25530
"Morticians, Undertakers, and Funeral Directors";25160
"Psychiatrists";25080
"Materials Engineers";24990
"Computer Numerically Controlled Machine Tool Programmers, Metal and Plastic";24960
"Health and Safety Engineers, Except Mining Safety Engineers and Inspectors";24530
"Film and Video Editors";24460
"Septic Tank Servicers and Sewer Pipe Cleaners";24350
"Transportation Inspectors";24350
"Computer and Information Research Scientists";24210
"Insulation Workers, Floor, Ceiling, and Wall";24180
"Helpers--Extraction Workers";24130
"Gaming Supervisors";24100
"Special Education Teachers, Preschool";24080
"Pesticide Handlers, Sprayers, and Applicators, Vegetation";23790
"History Teachers, Postsecondary";23640
"Semiconductor Processors";23580
"Helpers--Brickmasons, Blockmasons, Stonemasons, and Tile and Marble Setters";23570
"Philosophy and Religion Teachers, Postsecondary";23210
"Jewelers and Precious Stone and Metal Workers";23200
"Miscellaneous Physical Scientists";23030
"Physical Scientists, All Other";23030
"Miscellaneous Material Moving Workers";22910
"Material Moving Workers, All Other";22910
"Air Traffic Controllers";22860
"Textile Knitting and Weaving Machine Setters, Operators, and Tenders";22760
"Athletic Trainers";22400
"Electrical and Electronics Repairers, Powerhouse, Substation, and Relay";22120
"Milling and Planing Machine Setters, Operators, and Tenders, Metal and Plastic";22110
"Metal Workers and Plastic Workers, All Other";22100
"Music Directors and Composers";21880
"Obstetricians and Gynecologists";21740
"Actuaries";21490
"Chemistry Teachers, Postsecondary";21470
"Forging Machine Setters, Operators, and Tenders, Metal and Plastic";21340
"Railroad Brake, Signal, and Switch Operators";21060
"Fence Erectors";20990
"Heat Treating Equipment Setters, Operators, and Tenders, Metal and Plastic";20980
"Mining Machine Operators";20960
"Metal-Refining Furnace Operators and Tenders";20850
"Plasterers and Stucco Masons";20760
"Derrick Operators, Oil and Gas";20760
"Microbiologists";20670
"Agricultural and Food Science Technicians";20640
"Elevator Installers and Repairers";20590
"Furnace, Kiln, Oven, Drier, and Kettle Operators and Tenders";20590
"Riggers";20350
"Nuclear Medicine Technologists";20320
"Motorboat Mechanics and Service Technicians";20210
"Tailors, Dressmakers, and Custom Sewers";20200
"Biomedical Engineers";20080
"Rail Car Repairers";20080
"Extruding and Forming Machine Setters, Operators, and Tenders, Synthetic and Glass Fibers";19770
"Gaming Change Persons and Booth Cashiers";19580
"Ambulance Drivers and Attendants, Except Emergency Medical Technicians";19350
"Conservation Scientists";19210
"Helpers, Construction Trades, All Other";19190
"Earth Drillers, Except Oil and Gas";19160
"Zoologists and Wildlife Biologists";18970
"Food and Tobacco Roasting, Baking, and Drying Machine Operators and Tenders";18890
"Directors, Religious Activities and Education";18850
"Fiberglass Laminators and Fabricators";18770
"Economists";18680
"Recreation and Fitness Studies Teachers, Postsecondary";18650
"Cooks, All Other";18600
"Grounds Maintenance Workers, All Other";18570
"Supervisors of Farming, Fishing, and Forestry Workers";18530
"First-Line Supervisors of Farming, Fishing, and Forestry Workers";18530
"Reinforcing Iron and Rebar Workers";18530
"Astronomers and Physicists";18450
"Court Reporters";18330
"Camera Operators, Television, Video, and Motion Picture";18310
"Adhesive Bonding Machine Operators and Tenders";18210
"Landscape Architects";18110
"Environmental Engineering Technicians";18080
"Recreational Therapists";17950
"Postmasters and Mail Superintendents";17930
"Fashion Designers";17840
"Locker Room, Coatroom, and Dressing Room Attendants";17830
"Tire Builders";17680
"Miscellaneous Media and Communication Equipment Workers";17650
"Media and Communication Equipment Workers, All Other";17650
"Entertainment Attendants and Related Workers, All Other";17580
"Umpires, Referees, and Other Sports Officials";17510
"Drilling and Boring Machine Tool Setters, Operators, and Tenders, Metal and Plastic";17470
"Electric Motor, Power Tool, and Related Repairers";17380
"Cleaning, Washing, and Metal Pickling Equipment Operators and Tenders";17360
"Dancers and Choreographers";17270
"Mechanical Door Repairers";17220
"Boilermakers";17210
"Avionics Technicians";17150
"Locksmiths and Safe Repairers";17090
"Political Science Teachers, Postsecondary";17050
"Sociology Teachers, Postsecondary";16900
"Tapers";16820
"Physicists";16790
"Shampooers";16560
"Nuclear Engineers";16520
"Compensation and Benefits Managers";16380
"Radiation Therapists";16380
"Transportation Attendants, Except Flight Attendants";16380
"Gaming Cage Workers";16350
"Gas Plant Operators";16320
"Bailiffs";16310
"Painting, Coating, and Decorating Workers";16280
"Gaming Service Workers, All Other";16220
"Textile, Apparel, and Furnishings Workers, All Other";16110
"Geological and Petroleum Technicians";16020
"Law Teachers, Postsecondary";15990
"Miscellaneous Entertainers and Performers, Sports and Related Workers";15780
"Entertainers and Performers, Sports and Related Workers, All Other";15780
"Automotive Glass Installers and Repairers";15670
"Building Cleaning Workers, All Other";15620
"Cutters and Trimmers, Hand";15520
"Motorcycle Mechanics";15420
"Survey Researchers";15410
"Furniture Finishers";15320
"Soil and Plant Scientists";15150
"Coil Winders, Tapers, and Finishers";14930
"Criminal Justice and Law Enforcement Teachers, Postsecondary";14890
"Rail-Track Laying and Maintenance Equipment Operators";14820
"Electro-Mechanical Technicians";14430
"Textile Cutting Machine Setters, Operators, and Tenders";14370
"Drafters, All Other";14270
"Food Scientists and Technologists";14170
"Physics Teachers, Postsecondary";14160
"Electrical and Electronics Installers and Repairers, Transportation Equipment";14160
"Administrative Law Judges, Adjudicators, and Hearing Officers";14140
"Barbers";14140
"Statistical Assistants";14110
"Career/Technical Education Teachers, Middle School";14000
"Occupational Health and Safety Technicians";13990
"Agricultural Inspectors";13800
"Sound Engineering Technicians";13750
"Economics Teachers, Postsecondary";13710
"Insurance Appraisers, Auto Damage";13690
"Forensic Science Technicians";13570
"Animal Control Workers";13450
"Desktop Publishers";13310
"Radio, Cellular, and Tower Equipment Installers and Repairers";13310
"Medical Appliance Technicians";13290
"Layout Workers, Metal and Plastic";13070
"Fire Inspectors";13000
"Wellhead Pumpers";12720
"Tank Car, Truck, and Ship Loaders";12490
"Audiologists";12250
"Pump Operators, Except Wellhead Pumpers";12170
"Gaming and Sports Book Writers and Runners";12160
"Fine Artists, Including Painters, Sculptors, and Illustrators";12100
"Psychologists, All Other";11980
"Foundry Mold and Coremakers";11870
"Agents and Business Managers of Artists, Performers, and Athletes";11860
"Therapists, All Other";11770
"Judicial Law Clerks";11660
"Helpers--Roofers";11640
"Cartographers and Photogrammetrists";11610
"Plant and System Operators, All Other";11610
"Helpers--Painters, Paperhangers, Plasterers, and Stucco Masons";11570
"Continuous Mining Machine Operators";11540
"Athletes and Sports Competitors";11520
"Textile Bleaching and Dyeing Machine Operators and Tenders";11510
"Electronic Equipment Installers and Repairers, Motor Vehicles";11460
"Fire Inspectors and Investigators";11370
"Subway and Streetcar Operators";11300
"Shoe and Leather Workers";11260
"Buyers and Purchasing Agents, Farm Products";11250
"Stonemasons";11250
"Dancers";11240
"Aerospace Engineering and Operations Technicians";11230
"Curators";11200
"Precision Instrument and Equipment Repairers, All Other";11180
"Power Distributors and Dispatchers";11180
"Animal Trainers";11170
"Social Sciences Teachers, Postsecondary, All Other";11030
"Recreational Vehicle Service Technicians";10990
"Social Work Teachers, Postsecondary";10970
"Atmospheric, Earth, Marine, and Space Sciences Teachers, Postsecondary";10890
"Tool Grinders, Filers, and Sharpeners";10860
"Atmospheric and Space Scientists";10850
"Respiratory Therapy Technicians";10610
"Bicycle Repairers";10520
"Proofreaders and Copy Markers";10500
"Set and Exhibit Designers";10460
"Telephone Operators";10220
"Ship Engineers";10060
"Gaming Surveillance Officers and Gaming Investigators";10030
"Museum Technicians and Conservators";9950
"Model Makers and Patternmakers, Metal and Plastic";9910
"Agricultural Sciences Teachers, Postsecondary";9890
"Floor Layers, Except Carpet, Wood, and Hard Tiles";9830
"Emergency Management Directors";9770
"Pourers and Casters, Metal";9690
"Miscellaneous Life Scientists";9400
"Life Scientists, All Other";9400
"Area, Ethnic, and Cultural Studies Teachers, Postsecondary";9150
"Foresters";9140
"Audio-Visual and Multimedia Collections Specialists";8960
"Podiatrists";8910
"Farm and Home Management Advisors";8900
"Parking Enforcement Workers";8680
"Etchers and Engravers";8630
"Occupational Therapy Aides";8570
"Funeral Service Managers";8330
"Mining and Geological Engineers, Including Mining Safety Engineers";8200
"Miscellaneous Religious Workers";8110
"Religious Workers, All Other";8110
"Cooling and Freezing Equipment Operators and Tenders";8070
"Explosives Workers, Ordnance Handling Experts, and Blasters";7970
"Signal and Track Switch Repairers";7880
"Orthotists and Prosthetists";7830
"Shoe and Leather Workers and Repairers";7710
"Artists and Related Workers, All Other";7700
"Musical Instrument Repairers and Tuners";7660
"Door-to-Door Sales Workers, News and Street Vendors, and Related Workers";7610
"Correspondence Clerks";7580
"Marine Engineers and Naval Architects";7570
"Public Address System and Other Announcers";7450
"Nuclear Power Reactor Operators";7400
"Architecture Teachers, Postsecondary";7190
"Airfield Operations Specialists";7050
"Anthropologists and Archeologists";7040
"Slot Supervisors";7000
"Mine Cutting and Channeling Machine Operators";6960
"Miscellaneous Woodworkers";6940
"Woodworkers, All Other";6940
"Materials Scientists";6900
"Designers, All Other";6890
"Forest and Conservation Workers";6870
"Arbitrators, Mediators, and Conciliators";6710
"Exercise Physiologists";6660
"Hydrologists";6580
"Traffic Technicians";6490
"Nuclear Technicians";6380
"Motion Picture Projectionists";6290
"Costume Attendants";6270
"Orthodontists";6190
"Model Makers, Metal and Plastic";6140
"Anthropology and Archeology Teachers, Postsecondary";6100
"Fallers";6090
"Choreographers";6030
"Sewers, Hand";5960
"Fish and Game Wardens";5820
"Aircraft Cargo Handling Supervisors";5750
"Roof Bolters, Mining";5710
"Political Scientists";5640
"Hearing Aid Specialists";5570
"Dentists, All Other Specialists";5450
"Fabric and Apparel Patternmakers";5440
"Epidemiologists";5420
"Archivists";5360
"Miscellaneous Extraction Workers";5320
"Extraction Workers, All Other";5320
"Environmental Science Teachers, Postsecondary";5300
"Agricultural Workers, All Other";5270
"Solar Photovoltaic Installers";5170
"Models";5140
"Oral and Maxillofacial Surgeons";5120
"Nurse Midwives";5110
"Craft Artists";4760
"Gas Compressor and Gas Pumping Station Operators";4700
"Library Science Teachers, Postsecondary";4540
"Floor Sanders and Finishers";4510
"Geography Teachers, Postsecondary";4440
"Broadcast News Analysts";4310
"Farmers, Ranchers, and Other Agricultural Managers";4300
"Loading Machine Operators, Underground Mining";4220
"Motorboat Operators";4060
"Rail Yard Engineers, Dinkey Operators, and Hostlers";3900
"Gaming Managers";3870
"Patternmakers, Metal and Plastic";3770
"Wind Turbine Service Technicians";3710
"Embalmers";3650
"Miscellaneous Rail Transportation Workers";3640
"Rail Transportation Workers, All Other";3640
"Rock Splitters, Quarry";3630
"Home Economics Teachers, Postsecondary";3620
"Commercial Divers";3620
"Paperhangers";3570
"Shoe Machine Operators and Tenders";3550
"Pile-Driver Operators";3470
"Transit and Railroad Police";3380
"Manufactured Building and Mobile Home Installers";3280
"Bridge and Lock Tenders";3280
"Terrazzo Workers and Finishers";3250
"Historians";3220
"Camera and Photographic Equipment Repairers";3150
"Mathematicians";3130
"Travel Guides";3090
"Hoist and Winch Operators";2840
"Log Graders and Scalers";2780
"Logging Workers, All Other";2730
"Miscellaneous Mathematical Science Occupations";2660
"Mine Shuttle Car Operators";2630
"Makeup Artists, Theatrical and Performance";2610
"Mining Machine Operators, All Other";2470
"Agricultural Engineers";2450
"Watch Repairers";2390
"Miscellaneous Communications Equipment Operators";2370
"Communications Equipment Operators, All Other";2370
"Animal Scientists";2350
"Model Makers and Patternmakers, Wood";2310
"Sociologists";2240
"Genetic Counselors";2180
"Dredge Operators";1900
"Forestry and Conservation Science Teachers, Postsecondary";1850
"Refractory Materials Repairers, Except Brickmasons";1730
"Astronomers";1660
"Timing Device Assemblers and Adjusters";1650
"Forest Fire Inspectors and Prevention Specialists";1630
"Locomotive Firers";1610
"Mathematical Science Occupations, All Other";1600
"Model Makers, Wood";1360
"Geographers";1260
"Segmental Pavers";1130
"Industrial-Organizational Psychologists";1110
"Animal Breeders";1110
"Radio Operators";1100
"Mathematical Technicians";1060
"Farm Labor Contractors";950
"Patternmakers, Wood";950
"Fabric Menders, Except Garment";710
"Prosthodontists";630
"Cooks, Private Household";560
"Fishing and Hunting Workers";560
"Fishers and Related Fishing Workers";400
