"Occupation";"Annual_mean";"A_PCT10";"A_PCT25";"Annual_median";"A_PCT75";"A_PCT90"
"Anesthesiologists";246320;151450;187200;187200;187200;187200
"Surgeons";240440;130710;187200;187200;187200;187200
"Oral and Maxillofacial Surgeons";219600;92660;155740;187200;187200;187200
"Obstetricians and Gynecologists";214750;100100;156730;187200;187200;187200
"Orthodontists";201030;78960;118290;187200;187200;187200
"Physicians and Surgeons";194990;60320;130820;187200;187200;187200
"Internists, General";190530;60880;125230;187200;187200;187200
"Physicians and Surgeons, All Other";189760;56590;111630;187200;187200;187200
"Family and General Practitioners";186320;72190;131600;180180;187200;187200
"Psychiatrists";182700;61600;116540;181880;187200;187200
"Chief Executives";180700;72750;110760;173320;187200;187200
"Pediatricians, General";175400;93120;130050;163350;187200;187200
"Dentists";170940;70220;109470;154640;187200;187200
"Dentists, All Other Specialists";168580;53050;105510;170110;187200;187200
"Dentists, General";166810;69910;108360;149540;187200;187200
"Nurse Anesthetists";158900;107240;132380;153780;181860;187200
"Petroleum Engineers";147520;73990;97390;130050;185200;187200
"Prosthodontists";142830;69930;82770;100280;187200;187200
"Architectural and Engineering Managers";138720;83580;104670;130620;162690;187200
"Podiatrists";137480;50430;80730;120700;177120;187200
"Marketing Managers";137400;65980;90630;127130;171390;187200
"Natural Sciences Managers";136450;70020;92230;120050;165210;187200
"Computer and Information Systems Managers";136280;78470;99320;127640;161520;187200
"Lawyers";133470;55400;75630;114970;172540;187200
"Lawyers and Judicial Law Clerks";131970;53990;74180;113360;170800;187200
"Airline Pilots, Copilots, and Flight Engineers";131760;64780;88830;118140;160520;187200
"Financial Managers";130230;62480;83230;115320;159230;187200
"Marketing and Sales Managers";129900;56670;79590;116490;164660;187200
"Lawyers, Judges, and Related Workers";129410;52290;72820;111820;166990;187200
"Advertising, Marketing, Promotions, Public Relations, and Sales Managers";127880;55870;78190;114230;161940;187200
"Law Teachers, Postsecondary";126270;41240;66240;109980;170440;187200
"Sales Managers";126040;53620;74470;110660;160520;187200
"Top Executives";122060;43570;66270;100910;158980;187200
"Air Traffic Controllers";118780;67070;86830;122340;150690;172000
"Compensation and Benefits Managers";118670;58370;79060;108070;147240;187200
"Pharmacists";118470;89320;106520;120950;138010;150550
"Operations Specialties Managers";117390;57960;77360;105750;144270;187200
"Physicists";117300;54930;80200;109600;145010;184650
"General and Operations Managers";117200;45130;65610;97270;149660;187200
"Astronomers and Physicists";116380;54510;78980;109290;145060;182190
"Public Relations and Fundraising Managers";115400;55420;73910;101510;143110;187200
"Aircraft Pilots and Flight Engineers";115230;46750;73260;103390;145330;187200
"Advertising and Promotions Managers";114700;45060;65810;96720;148300;187200
"Human Resources Managers";114140;60440;78310;102780;138320;183590
"Computer and Information Research Scientists";113190;66030;85870;108360;134380;165600
"Optometrists";113010;52270;78000;101410;132580;187200
"Health Specialties Teachers, Postsecondary";112950;40070;58850;90210;149180;187200
"Management Occupations";112490;46440;67080;97230;141150;187200
"Purchasing Managers";111810;60840;78950;106090;136390;169000
"Training and Development Managers";111030;57920;76600;101930;135090;178360
"Computer Hardware Engineers";110650;66070;84600;108430;135840;160610
"Miscellaneous Managers";110210;53990;76140;105060;134820;168740
"Managers, All Other";110210;53990;76140;105060;134820;168740
"Actuaries";110090;58080;72390;96700;136110;180680
"Personal Financial Advisors";108090;35500;52590;81060;139350;187200
"Aerospace Engineers";107700;66110;82500;105380;130260;155240
"Astronomers";107140;52160;67010;105410;145810;162630
"Judges, Magistrate Judges, and Magistrates";106420;31480;52960;115140;147540;178920
"Software Developers, Systems Software";106050;63250;80530;102880;128540;154800
"Geoscientists, Except Hydrologists and Geographers";105390;46400;61800;89910;129270;187200
"Economists";105290;50440;68310;95710;129880;170780
"Sales Engineers";104660;55850;72510;96340;126350;160250
"Nuclear Engineers";104630;66890;81440;100470;120210;151710
"Mathematicians";104350;54830;74150;103720;127900;157090
"Political Scientists";104000;52150;75610;104920;137500;153960
"Medical and Health Services Managers";103680;55890;71820;92810;120740;161150
"Chemical Engineers";103590;59480;75440;96940;123300;156980
"Securities, Commodities, and Financial Services Sales Agents";103260;32170;39570;72070;141780;187200
"Air Traffic Controllers and Airfield Operations Specialists";102840;42200;64640;101460;139470;167320
"Health Teachers, Postsecondary";102260;39990;55900;80490;126400;187200
"Economics Teachers, Postsecondary";102120;43420;63750;90870;126780;174610
"Engineering Teachers, Postsecondary";102000;48120;69180;94130;126690;165660
"Education Administrators, Postsecondary";101910;50240;65160;88390;122680;174000
"Industrial Production Managers";101640;56290;71440;92470;121280;158170
"Legal Occupations";101110;35840;49790;76860;133430;187200
"Mining and Geological Engineers, Including Mining Safety Engineers";100970;52780;67450;90160;119580;159010
"Computer Network Architects";100710;55160;74160;98430;123900;150460
"Electronics Engineers, Except Computer";99660;61780;75640;95790;119100;147570
"Software Developers, Applications";99530;56310;73730;95510;120950;149480
"Marine Engineers and Naval Architects";99160;59110;73870;92930;116910;146840
"Engineering and Architecture Teachers, Postsecondary";99120;45160;65760;90950;123160;163040
"Veterinarians";98230;52530;68860;87590;115310;157390
"Nurse Practitioners";97990;68830;82720;95350;113470;131050
"Art Directors";97850;45060;60520;85610;121830;168040
"Nurse Midwives";97700;65940;82580;96970;114090;129140
"Electrical and Electronics Engineers";97460;60220;73790;93260;117090;145210
"Physician Assistants";97280;64100;82090;95820;114760;134720
"Judges, Magistrates, and Other Judicial Workers";97230;34590;51770;93040;135100;169580
"Agents and Business Managers of Artists, Performers, and Athletes";97220;27640;38840;64200;120290;187200
"Miscellaneous Engineers";96350;51410;70110;94240;120440;147190
"Engineers, All Other";96350;51410;70110;94240;120440;147190
"Electrical Engineers";95780;59140;72470;91410;115470;143200
"Miscellaneous Physical Scientists";95670;46400;62900;94030;122270;151340
"Physical Scientists, All Other";95670;46400;62900;94030;122270;151340
"Software Developers and Programmers";95280;50920;68600;91320;118140;147140
"Health Diagnosing and Treating Practitioners";94880;47780;58240;75430;108240;172960
"Construction Managers";94590;50990;65350;85630;114360;150250
"Materials Scientists";94350;47860;67280;91980;117130;143960
"Financial Analysts and Advisors";94290;41890;55650;76340;110440;176540
"Other Management Occupations";93720;41310;58530;84800;117440;155150
"Engineers";93630;54650;69000;88720;113290;142090
"Transportation, Storage, and Distribution Managers";93180;50640;65100;85400;112400;146110
"Administrative Services Managers";92250;45590;62000;83790;113070;149180
"Financial Analysts";92250;48170;60350;78620;106640;154680
"Biochemists and Biophysicists";91960;44220;58490;84940;115390;149130
"Education Administrators, Elementary and Secondary School";91780;59250;72140;89540;110250;129300
"Biomedical Engineers";91760;52680;66900;86950;110730;139350
"Information Security Analysts";91600;50300;67030;88890;113990;140460
"Administrative Law Judges, Adjudicators, and Hearing Officers";91530;41510;60440;87980;117650;156750
"Materials Engineers";91150;53290;68360;87690;112630;138450
"Management Analysts";90860;45360;59940;80880;108320;148110
"Physics Teachers, Postsecondary";90500;43780;58330;80720;111610;150360
"Atmospheric, Earth, Marine, and Space Sciences Teachers, Postsecondary";90340;41680;58050;81780;114580;149920
"Producers and Directors";90300;31380;44970;69100;109640;187200
"Medical Scientists, Except Epidemiologists";90160;43150;55870;79930;111790;148210
"Agricultural Sciences Teachers, Postsecondary";90100;44580;63820;86260;112720;143090
"Industrial-Organizational Psychologists";90070;51970;65530;76950;106230;145480
"Education Administrators";89920;45730;63940;84780;109570;139020
"Psychologists, All Other";89810;42230;65420;92110;106500;120670
"Medical Scientists";89340;43170;55660;78920;110660;146820
"Business Teachers, Postsecondary";88740;34460;48590;74090;114050;162890
"Atmospheric and Space Scientists";88090;50030;63480;87980;107890;128670
"Law, Criminal Justice, and Social Work Teachers, Postsecondary";87900;33110;49380;68950;108290;171010
"Computer and Information Analysts";87890;50730;64800;83470;106320;131960
"Mathematical Science Occupations";87530;44210;58800;80270;108580;141100
"Computer Systems Analysts";87320;50780;64520;82710;104950;129980
"Mechanical Engineers";87140;53210;66110;83060;104310;126430
"Civil Engineers";87130;52570;64740;82050;104190;128110
"Physical Sciences Teachers, Postsecondary";87070;41820;56010;77180;108050;146330
"Life Sciences Teachers, Postsecondary";86760;40060;54960;76660;107330;148240
"Sales Representatives, Wholesale and Manufacturing, Technical and Scientific Products";86750;37430;52280;75140;108210;149010
"Financial Examiners";86460;44660;56960;76310;107400;146190
"Environmental Engineers";86340;50120;63800;83360;104670;125380
"Environmental Science Teachers, Postsecondary";86200;42120;56190;77470;107820;144110
"Biological Science Teachers, Postsecondary";86200;39500;53720;74580;105770;150180
"Air Transportation Workers";85680;33170;42300;70060;115230;162330
"Miscellaneous Computer Occupations";85520;45030;63630;83410;106300;126900
"Computer Occupations, All Other";85520;45030;63630;83410;106300;126900
"Actors, Producers, and Directors";85470;22510;35260;59560;107100;187200
"Industrial Engineers";85110;52510;65560;81490;101140;123400
"Industrial Engineers, Including Health and Safety";85080;52130;65330;81510;101540;123720
"Miscellaneous Health Diagnosing and Treating Practitioners";85050;41250;56050;73400;103690;138130
"Health Diagnosing and Treating Practitioners, All Other";85050;41250;56050;73400;103690;138130
"Database and Systems Administrators and Network Architects";84970;47460;61400;80850;105130;129570
"Health and Safety Engineers, Except Mining Safety Engineers and Inspectors";84850;48260;62540;81830;104900;126850
"Forestry and Conservation Science Teachers, Postsecondary";84810;40830;60060;84090;106920;132070
"Physical Scientists";84790;42300;54970;76260;105800;138850
"Architecture Teachers, Postsecondary";84470;38190;52340;73720;99390;142050
"Broadcast News Analysts";84380;28210;38650;61450;103360;182470
"First-Line Supervisors of Police and Detectives";84260;47720;61480;80930;104150;128970
"Statisticians";84010;43840;58540;79990;104910;129830
"First-Line Supervisors of Non-Retail Sales Workers";84010;36130;49770;71600;103540;148430
"Computer and Mathematical Occupations";83970;41130;56920;79420;106330;134500
"Physical Therapists";83940;56800;68690;82390;96060;116090
"Computer Occupations";83840;41010;56840;79390;106250;134220
"Radiation Therapists";83710;53590;64930;80090;97190;118180
"Chemistry Teachers, Postsecondary";83360;40750;53950;73080;101600;141040
"Education Administrators, All Other";82960;42520;55960;77020;101260;127480
"Operations Research Analysts";82940;42810;56190;76660;102450;132220
"Computer Programmers";82690;44140;59200;77550;100410;127640
"Political Science Teachers, Postsecondary";82670;37960;53570;73790;101660;139640
"Commercial Pilots";82430;35250;52450;75620;104160;141210
"Database Administrators";82280;44470;59100;80280;103500;123780
"Nuclear Power Reactor Operators";82270;62890;71340;82500;93710;103090
"Hydrologists";81930;50090;62490;78370;96950;117190
"Architecture and Engineering Occupations";81520;41630;56060;75780;100910;128780
"Anthropology and Archeology Teachers, Postsecondary";81410;40060;54910;74750;99770;132000
"Environmental Scientists and Geoscientists";81320;41020;52520;71290;97920;133390
"Funeral Service Managers";81080;38850;52540;68870;93790;137410
"Computer Science Teachers, Postsecondary";80730;35620;50410;72010;101790;138430
"Social Sciences Teachers, Postsecondary";80670;36500;51660;71430;98390;137980
"Detectives and Criminal Investigators";80540;40780;53280;79870;101940;127400
"Architects, Except Landscape and Naval";80490;44940;57380;74520;95310;121910
"Real Estate Brokers";80420;23880;32920;57360;99740;178770
"Chemists and Materials Scientists";80270;41870;54040;74720;101120;127630
"Social Scientists and Related Workers, All Other";80040;45830;59090;75630;96400;116910
"Occupational Therapists";80000;52670;65020;78810;94190;112950
"Life Scientists";79950;40850;52020;70960;97230;129150
"Network and Computer Systems Administrators";79770;46220;58860;75790;96430;120000
"Chiropractors";79760;31440;45460;66720;95410;143760
"Miscellaneous Life Scientists";79270;43210;52750;69100;96510;129120
"Life Scientists, All Other";79270;43210;52750;69100;96510;129120
"Biological Scientists";79200;41030;52670;71940;95800;127200
"Captains, Mates, and Pilots of Water Vessels";79180;36370;50410;72340;99160;128330
"Chemists";79140;41560;53420;73480;99360;126220
"Miscellaneous Social Scientists and Related Workers";78850;41240;55900;75360;96430;121270
"Sociologists";78810;39580;53650;72810;95440;127890
"Social Sciences Teachers, Postsecondary, All Other";78690;32670;45270;65320;96810;146110
"Architects, Except Naval";78640;43820;55970;72960;93930;119450
"Athletes and Sports Competitors";78260;20190;28740;43350;84010;187200
"Power Distributors and Dispatchers";78170;51450;64320;78240;92690;107880
"Area, Ethnic, and Cultural Studies Teachers, Postsecondary";78120;36990;51160;68950;94060;130580
"Biological Scientists, All Other";77920;42480;57510;74720;89930;115260
"First-Line Supervisors of Law Enforcement Workers";77340;41360;53750;73630;95510;120300
"Logisticians";76830;45880;57880;73870;92870;113940
"Audiologists";76790;47580;58950;73060;90670;110960
"Math and Computer Teachers, Postsecondary";76780;34950;48230;67790;95520;132760
"Mathematical Science Occupations, All Other";76740;31280;43330;66560;99300;147720
"Microbiologists";76530;38830;49220;67790;97270;125000
"Elevator Installers and Repairers";76490;41930;62030;78620;92670;109450
"Psychology Teachers, Postsecondary";76390;35280;50500;68690;93230;126640
"Social Scientists and Related Workers";76380;39470;52630;71030;93440;117570
"Financial Specialists";76320;37290;49250;66220;90640;124090
"Healthcare Practitioners and Technical Occupations";76010;31570;43920;61710;87840;133600
"Credit Analysts";75970;40090;50070;67020;91330;126050
"Nuclear Technicians";75960;46430;60880;74690;89220;102400
"Psychologists";75790;40240;52650;70700;92790;114290
"Postsecondary Teachers";75780;28950;43140;63010;93030;138720
"Geographers";75610;43480;59100;76420;90350;104670
"Gaming Managers";75590;41090;51570;67310;88360;119950
"Agricultural Engineers";75440;45940;58210;71730;90350;112700
"Art, Drama, and Music Teachers, Postsecondary";75350;32540;46260;64300;88880;128330
"Artists and Related Workers";75200;30280;44290;65860;94510;131030
"Film and Video Editors";75090;25520;35560;57210;97810;145620
"Speech-Language Pathologists";74900;44940;56090;71550;90360;111000
"Sociology Teachers, Postsecondary";74860;35090;50340;67880;91800;124290
"Ship and Boat Captains and Operators";74730;31320;46280;68080;95520;124210
"Geography Teachers, Postsecondary";74690;37130;52250;71320;93270;118430
"Ship Engineers";74600;36950;47490;68100;92100;126040
"Therapists";74390;44370;56460;72300;90050;108610
"Mathematical Science Teachers, Postsecondary";74200;34580;46980;65190;91770;128440
"Epidemiologists";74120;43530;53070;67420;87160;112360
"Postsecondary Teachers, All Other";74040;24700;42270;62330;91380;134890
"Clinical, Counseling, and School Psychologists";74030;40080;51980;68900;89830;113640
"Budget Analysts";73940;46230;56730;71220;89410;107230
"History Teachers, Postsecondary";73720;35530;49610;66840;89790;121100
"Fashion Designers";73690;33260;44790;64030;89180;129380
"Accountants and Auditors";73670;40850;51130;65940;87530;115950
"Loan Officers";73670;33050;44400;62620;89970;128390
"First-Line Supervisors of Fire Fighting and Prevention Workers";73550;41930;54570;70670;90920;112420
"Nuclear Medicine Technologists";73230;52080;61730;72100;85410;96570
"Miscellaneous Business Operations Specialists";73000;37090;50080;67280;89600;115090
"Business Operations Specialists, All Other";73000;37090;50080;67280;89600;115090
"Architects, Surveyors, and Cartographers";72830;39680;51410;67910;89100;112100
"Animal Scientists";72590;37430;45980;61110;88060;124760
"Farmers, Ranchers, and Other Agricultural Managers";72570;34170;46830;68050;89660;121690
"Power Plant Operators, Distributors, and Dispatchers";72560;47460;60790;72910;86520;97300
"Library Science Teachers, Postsecondary";72440;43170;53230;66580;85970;112350
"Business and Financial Operations Occupations";72410;36010;47880;64790;87700;116380
"Environmental Scientists and Specialists, Including Health";72050;39730;49570;66250;87980;114990
"Dental Hygienists";71970;49190;59890;71520;85240;97390
"Technical Writers";71950;41450;53080;69030;88230;108460
"Arts, Communications, and Humanities Teachers, Postsecondary";71530;32760;45590;62480;86480;121040
"Philosophy and Religion Teachers, Postsecondary";71350;33110;46460;63630;87850;119030
"Credit Counselors and Loan Officers";71330;32380;42630;60120;87060;124890
"Miscellaneous Financial Specialists";71230;36920;48320;65440;86500;111350
"Financial Specialists, All Other";71230;36920;48320;65440;86500;111350
"Miscellaneous Mathematical Science Occupations";70970;31070;40140;61350;91280;132920
"Transportation Inspectors";70820;32820;48800;69170;91910;114360
"Arbitrators, Mediators, and Conciliators";70740;33200;41570;57180;84880;121050
"Orthotists and Prosthetists";70690;35240;47770;64040;87050;110690
"Nursing Instructors and Teachers, Postsecondary";70650;39830;51910;66100;85170;107080
"Insurance Underwriters";70570;39260;49150;64220;86020;113010
"Occupational Health and Safety Specialists";70470;40760;53130;69210;85560;101000
"Electrical and Electronics Repairers, Powerhouse, Substation, and Relay";70110;49800;62100;71400;80400;92080
"Life, Physical, and Social Science Occupations";70070;32170;43490;61450;88040;117810
"Business Operations Specialists";70060;35360;47060;63880;85830;111680
"Sales Representatives, Wholesale and Manufacturing";69860;28140;39940;58380;86140;123510
"Emergency Management Directors";69810;33370;46120;64360;88970;116900
"Registered Nurses";69790;45880;54620;66640;81080;98880
"Genetic Counselors";69540;43950;55310;67500;82750;99980
"Landscape Architects";69530;40690;50630;64570;85440;106120
"Multimedia Artists and Animators";69410;35510;46430;63630;87200;112030
"Supervisors of Protective Service Workers";69400;35290;46770;65080;88220;112780
"Communications Teachers, Postsecondary";69230;32570;46270;62550;86270;117720
"Power Plant Operators";69220;44130;57470;70070;82000;94060
"Urban and Regional Planners";69010;42220;52790;66940;83550;99560
"Sales Representatives, Services";68870;25730;34790;51410;81140;133520
"Market Research Analysts and Marketing Specialists";68700;33460;44350;61290;86170;116740
"Web Developers";68670;33790;45350;63490;86710;112680
"Diagnostic Medical Sonographers";68390;46930;55850;67530;79410;93850
"English Language and Literature Teachers, Postsecondary";68390;32550;43840;60160;83290;117450
"Miscellaneous Media and Communication Equipment Workers";68220;26910;44420;68910;89000;108540
"Media and Communication Equipment Workers, All Other";68220;26910;44420;68910;89000;108540
"Home Economics Teachers, Postsecondary";68030;32130;45460;63390;86840;114150
"Compliance Officers";68000;36970;48230;64950;83180;101260
"Foreign Language and Literature Teachers, Postsecondary";67910;32450;44560;59490;80700;116920
"Writers and Authors";67870;28640;40920;58850;83790;114820
"Social and Community Service Managers";67730;38260;48530;62740;81500;104540
"Social Work Teachers, Postsecondary";67500;31400;46320;62440;83830;110620
"Magnetic Resonance Imaging Technologists";67300;46310;55700;67090;77590;92220
"Television, Video, and Motion Picture Camera Operators and Editors";67130;24820;34230;52470;81300;123040
"Occupational Health and Safety Specialists and Technicians";67070;36950;49000;65360;82410;98370
"Commercial and Industrial Designers";67030;37030;48570;64620;82540;100070
"Postmasters and Mail Superintendents";67000;51510;57370;65800;77630;85730
"Writers and Editors";66990;31160;42560;59710;82420;110680
"Food Scientists and Technologists";66870;35150;45790;61480;82270;107810
"Agricultural and Food Scientists";66250;35670;45750;60690;80000;106080
"Computer Network Support Specialists";66140;35870;46220;61830;81800;104010
"Property, Real Estate, and Community Association Managers";65880;28240;38230;54270;78230;117130
"Sales Representatives, Wholesale and Manufacturing, Except Technical and Scientific Products";65800;26790;37890;55020;79480;116230
"Education and Library Science Teachers, Postsecondary";65690;30770;44250;60250;80240;108530
"Recreation and Fitness Studies Teachers, Postsecondary";65220;27900;41030;58280;80370;111560
"Education Teachers, Postsecondary";65180;30060;43550;59720;79820;108190
"Supervisors of Construction and Extraction Workers";65150;37730;47600;60990;78250;98000
"First-Line Supervisors of Construction Trades and Extraction Workers";65150;37730;47600;60990;78250;98000
"Electrical Power-Line Installers and Repairers";64990;36090;50030;65930;79010;94030
"Insurance Appraisers, Auto Damage";64750;43510;52910;63420;75560;90840
"Purchasing Agents, Except Wholesale, Retail, and Farm Products";64730;37180;46690;60980;79170;97930
"Soil and Plant Scientists";64680;35920;45670;59920;77550;100440
"Supervisors of Installation, Maintenance, and Repair Workers";64670;37350;47620;62150;78310;96270
"First-Line Supervisors of Mechanics, Installers, and Repairers";64670;37350;47620;62150;78310;96270
"Cartographers and Photogrammetrists";64570;38610;48110;60930;78140;97570
"Conservation Scientists";64420;38000;47910;61860;76440;92400
"Compensation, Benefits, and Job Analysis Specialists";64380;38540;47010;60600;76690;96360
"Cost Estimators";64340;34450;45130;60050;78760;99370
"Aerospace Engineering and Operations Technicians";64310;38440;50310;63780;79450;93330
"Editors";64140;28980;39130;54890;77260;109940
"Public Relations Specialists";64050;31190;40810;55680;76630;105720
"Instructional Coordinators";64040;35700;47020;61550;78370;95590
"Insurance Sales Agents";63730;25710;33700;47860;73650;119970
"Claims Adjusters, Appraisers, Examiners, and Investigators";63560;37830;47460;62300;76740;92540
"Claims Adjusters, Examiners, and Investigators";63500;37580;47120;62220;76840;92620
"Gas Plant Operators";63400;41460;52490;64100;74300;86280
"Legal Support Workers, All Other";63340;30740;41220;53740;77650;117570
"Zoologists and Wildlife Biologists";63230;38080;46310;58270;73930;96720
"Petroleum Pump System Operators, Refinery Operators, and Gaugers";63160;38320;50080;62830;75150;89040
"Engineering Technicians, Except Drafters, All Other";63140;34920;46970;61580;76560;93260
"Conservation Scientists and Foresters";63020;37940;47650;60360;75360;90350
"Buyers and Purchasing Agents";62850;34370;44280;58520;77070;97070
"Human Resources Specialists";62590;33630;43090;57420;76050;98130
"Mathematical Technicians";62280;31060;37530;54140;77290;113950
"Human Resources Workers";62100;31610;42270;57340;76490;99210
"Electrical and Electronics Drafters";62040;36130;46010;58790;75740;93250
"Anthropologists and Archeologists";61980;34580;43990;59280;77000;93650
"Miscellaneous Sales Representatives, Services";61960;24910;34820;51670;76340;112160
"Sales Representatives, Services, All Other";61960;24910;34820;51670;76340;112160
"Water Transportation Workers";61830;25690;36500;53130;77610;110630
"First-Line Supervisors of Correctional Officers";61790;37090;43120;57970;77520;93470
"Criminal Justice and Law Enforcement Teachers, Postsecondary";61750;30370;43050;57200;74660;100300
"Training and Development Specialists";61530;31980;41890;57340;76960;97660
"Artists and Related Workers, All Other";61410;26770;38550;58250;83180;99170
"Special Education Teachers, Secondary School";61350;39000;46410;57810;73710;92030
"Surveyors, Cartographers, and Photogrammetrists";61240;33720;43790;57990;76450;94200
"Historians";61180;27550;36900;55870;81180;101640
"Rotary Drill Operators, Oil and Gas";61070;30580;37910;53160;72570;93660
"Advertising Sales Agents";60910;23050;32420;47890;73970;113120
"Makeup Artists, Theatrical and Performance";60830;18780;25370;44310;88820;115030
"Diagnostic Related Technologists and Technicians";60800;37640;47600;59560;73160;87860
"Other Healthcare Practitioners and Technical Occupations";60760;31030;40960;57210;76810;95940
"Medical and Clinical Laboratory Technologists";60560;40640;49970;59430;71270;82180
"Media and Communication Workers";60490;25670;36250;52370;74690;102090
"Real Estate Brokers and Sales Agents";60440;21840;28990;43430;72430;118230
"Buyers and Purchasing Agents, Farm Products";60350;29850;40760;55080;73710;98550
"Electrical and Electronics Engineering Technicians";60330;35880;46200;59820;72300;87840
"Surveyors";60310;32740;42670;57050;75920;93370
"Boilermakers";60170;36000;46660;59860;74200;87320
"Foresters";60070;37680;46630;57980;71520;85750
"Miscellaneous Rail Transportation Workers";59950;32360;43610;59480;79570;90240
"Rail Transportation Workers, All Other";59950;32360;43610;59480;79570;90240
"Signal and Track Switch Repairers";59920;40700;50430;60640;71640;77800
"Miscellaneous Plant and System Operators";59890;36140;47110;59620;72330;84210
"Line Installers and Repairers";59710;31500;42090;61740;74990;89340
"Special Education Teachers, Middle School";59590;38260;45690;56760;71540;88420
"Police and Sheriff's Patrol Officers";59560;33030;42260;56810;74870;92450
"Police Officers";59530;33030;42260;56770;74820;92400
"Labor Relations Specialists";59410;17940;26610;56950;80880;107780
"Secondary School Teachers, Except Special and Career/Technical Education";59330;37540;45010;56310;71580;88910
"Subway and Streetcar Operators";59230;40690;48140;62130;71810;76980
"Therapists, All Other";59190;32590;41940;55900;72910;91640
"Secondary School Teachers";59180;37570;44990;56210;71320;88490
"Supervisors of Production Workers";59060;33060;42250;55520;72460;92020
"First-Line Supervisors of Production and Operating Workers";59060;33060;42250;55520;72460;92020
"Fire Inspectors and Investigators";58980;34010;42990;56130;73050;90330
"Aircraft Mechanics and Service Technicians";58850;34940;46380;56990;70920;86930
"Special Education Teachers";58850;36620;44570;55890;70960;88350
"Sound Engineering Technicians";58670;22820;33450;49870;74790;106870
"Forensic Science Technicians";58610;33610;41900;55360;72230;91400
"Geological and Petroleum Technicians";58500;26690;38170;54810;75240;94750
"Respiratory Therapists";58490;41380;47920;56730;67950;78230
"Avionics Technicians";58460;35260;47760;56910;70290;85320
"Construction and Building Inspectors";58430;33970;43400;56040;71490;88830
"Social Workers, All Other";58410;32970;41790;59100;73780;84630
"Wholesale and Retail Buyers, Except Farm Products";58190;29700;38890;52270;70260;93900
"Librarians";58110;33680;44230;56170;70590;87060
"Stationary Engineers and Boiler Operators";58070;35110;44830;56330;69530;85670
"Appraisers and Assessors of Real Estate";58010;26980;37380;52570;73880;95020
"Entertainers and Performers, Sports and Related Workers";57880;18280;23630;39700;66390;115960
"Special Education Teachers, Preschool";57860;33140;41790;54000;70640;90230
"Special Education Teachers, All Other";57820;29300;41710;54520;72500;91050
"Middle School Teachers, Except Special and Career/Technical Education";57620;37390;44400;54940;68900;84610
"First-Line Supervisors of Transportation and Material-Moving Machine and Vehicle Operators";57530;32430;41780;54930;70510;86640
"Radiologic Technologists";57510;37610;45280;55870;68420;80080
"Dietitians and Nutritionists";57440;35040;45410;56950;69580;79840
"Engineering Technicians, Except Drafters";57430;33610;42770;55690;69810;85200
"Career/Technical Education Teachers, Secondary School";57370;37940;44870;55200;68360;82450
"Occupational Therapy Assistants";57260;36420;46170;56950;68450;76790
"Lodging Managers";57230;28630;36230;47680;65720;94780
"Plant and System Operators";57170;31950;41850;55870;71430;86310
"Special Education Teachers, Kindergarten and Elementary School";57140;36190;43830;54570;68460;83960
"Elementary and Middle School Teachers";57080;36450;43770;54390;68550;84130
"Fire Inspectors";57010;31230;40700;54020;71570;88970
"Locomotive Engineers";57000;39580;45820;54500;62410;77600
"Career/Technical Education Teachers, Middle School";56970;37940;44340;54090;66840;81930
"Tax Examiners and Collectors, and Revenue Agents";56890;31410;39750;51120;70400;94350
"Fundraisers";56840;31190;40140;52430;70400;90160
"Elementary School Teachers, Except Special Education";56830;36040;43470;54120;68400;83910
"Miscellaneous Postsecondary Teachers";56830;19990;32010;46890;69890;100160
"Curators";56690;28860;37900;51280;69950;89850
"Camera Operators, Television, Video, and Motion Picture";56510;23620;32860;48080;68440;95160
"Healthcare Practitioners and Technical Workers, All Other";56300;26050;34300;49430;73800;98540
"Pile-Driver Operators";56200;28460;37180;51510;77110;91160
"Chemical Plant and System Operators";56170;34380;43680;55900;68720;78380
"Educational, Guidance, School, and Vocational Counselors";56040;31960;40900;53370;69250;86610
"Railroad Conductors and Yardmasters";55820;38220;44790;54770;65500;76510
"Locomotive Engineers and Operators";55800;38380;44440;53400;61690;76950
"Arts, Design, Entertainment, Sports, and Media Occupations";55790;20200;29450;45180;68680;99000
"Law Enforcement Workers";55770;29590;37190;51100;71050;90510
"Drafters, Engineering Technicians, and Mapping Technicians";55670;32590;41160;53460;67650;83140
"Industrial Engineering Technicians";55660;34180;42490;53370;66130;80730
"Rail Transportation Workers";55640;38440;44650;54380;64000;76380
"Electrical and Electronics Repairers, Commercial and Industrial Equipment";55610;34110;43690;54640;65670;77200
"Electro-Mechanical Technicians";55600;33260;41470;53070;68110;82700
"Real Estate Sales Agents";55530;21540;28390;40990;67650;105270
"Preschool, Primary, Secondary, and Special Education School Teachers";55510;32560;41840;53160;67860;84350
"Mechanical Engineering Technicians";55470;33920;42210;53530;67060;79670
"Gas Compressor and Gas Pumping Station Operators";55430;35240;46070;56280;65720;74500
"Electrical and Electronics Installers and Repairers, Transportation Equipment";55430;34690;45640;56000;65910;75300
"Designers, All Other";55360;22140;33970;49310;72070;95700
"Mechanical Drafters";55260;33510;41510;52200;65680;82610
"Health Educators";55260;29650;37940;50430;68980;90260
"Plant and System Operators, All Other";55240;32130;42750;55230;66550;76130
"Music Directors and Composers";55230;21610;35100;48180;66080;91860
"Cardiovascular Technologists and Technicians";55210;28110;37620;54330;70530;84940
"Miscellaneous Legal Support Workers";55140;27860;36030;47690;66200;94740
"Court Reporters";55000;26670;35880;49860;71090;94140
"Computer Support Specialists";54960;29850;38400;50380;67640;88780
"Roof Bolters, Mining";54880;42660;49420;54860;60360;69610
"Drafters";54850;33230;41170;51940;65040;81240
"Interior Designers";54850;27170;35990;48400;66700;89700
"Mine Shuttle Car Operators";54830;43560;49820;55000;60080;66400
"Reinforcing Iron and Rebar Workers";54810;27920;34710;50020;71800;91160
"Control and Valve Installers and Repairers, Except Mechanical Door";54750;30210;38840;53140;69620;83510
"Survey Researchers";54730;19000;29070;49760;73520;95070
"Telecommunications Equipment Installers and Repairers, Except Line Installers";54630;30610;39450;55190;69450;77200
"Plumbers, Pipefitters, and Steamfitters";54620;29470;37790;50660;68160;88160
"Electricians";54520;31170;38470;51110;67370;85590
"Telecommunications Line Installers and Repairers";54430;28530;36840;54450;71230;81160
"Supervisors of Office and Administrative Support Workers";54400;30530;39110;50780;65840;82790
"First-Line Supervisors of Office and Administrative Support Workers";54400;30530;39110;50780;65840;82790
"Radio and Telecommunications Equipment Installers and Repairers";54350;30400;39130;54770;69240;77100
"Judicial Law Clerks";54350;29140;38590;48640;64990;83550
"Physical Therapist Assistants";54330;31840;43280;54410;65710;75530
"Derrick, Rotary Drill, and Service Unit Operators, Oil, Gas, and Mining";53760;30900;36530;47060;62280;83900
"Locomotive Firers";53690;36840;41730;46740;61220;88890
"Healthcare Social Workers";53590;32060;40380;51930;63890;76940
"Executive Secretaries and Executive Administrative Assistants";53590;32830;40650;51270;64480;77150
"Crane and Tower Operators";53550;30520;38890;50720;64810;81450
"Supervisors of Transportation and Material Moving Workers";53510;30420;38620;50660;65460;79700
"Food Service Managers";53500;29920;38230;48560;62930;82360
"Kindergarten Teachers, Except Special Education";53480;33460;41070;50600;62960;78170
"Drafters, All Other";53450;31290;38400;49990;64860;81250
"Probation Officers and Correctional Treatment Specialists";53360;32810;38220;49060;65320;83920
"Fish and Game Wardens";53260;32660;40700;50880;62320;75690
"Pipelayers, Plumbers, Pipefitters, and Steamfitters";53240;28380;36450;49110;66450;86050
"Transit and Railroad Police";53170;33280;42100;51690;61790;78020
"Explosives Workers, Ordnance Handling Experts, and Blasters";53160;34050;41790;52140;64910;74690
"Set and Exhibit Designers";53150;23620;34210;49810;67970;87940
"Structural Iron and Steel Workers";53140;29000;35650;48200;67640;88310
"Vocational Education Teachers, Postsecondary";53130;28150;36520;48360;64400;86160
"Miscellaneous Health Practitioners and Technical Workers";53120;26670;34920;46860;65850;91160
"Archivists";52930;28360;37630;49120;64840;84810
"Private Detectives and Investigators";52880;27000;34530;44570;63370;85560
"Adult Basic and Secondary Education and Literacy Teachers and Instructors";52830;28290;38370;49590;65680;81990
"Legal Support Workers";52830;29500;37090;48130;62710;82120
"Rail Car Repairers";52570;33010;43540;54020;61280;71690
"Architectural and Civil Drafters";52480;32820;40290;49970;61280;75650
"Railroad Brake, Signal, and Switch Operators";52280;38540;43670;52360;60340;69640
"Education, Training, and Library Occupations";52210;21040;30940;46660;65220;88190
"Education Administrators, Preschool and Childcare Center/Program";52190;28520;34900;45260;62210;87120
"Morticians, Undertakers, and Funeral Directors";52130;25910;35390;47250;62790;83520
"Precision Instrument and Equipment Repairers, All Other";52120;30570;39470;52090;62710;74430
"Paralegals and Legal Assistants";51840;30280;37550;48350;62000;77830
"Postal Service Mail Carriers";51790;34500;42640;57200;57220;58420
"Wind Turbine Service Technicians";51790;36350;41980;48800;58500;70770
"Marriage and Family Therapists";51730;30510;37250;48040;62750;78920
"Service Unit Operators, Oil, Gas, and Mining";51540;29980;35580;44970;59630;80120
"Millwrights";51520;31280;39640;50460;63540;74540
"Brickmasons and Blockmasons";51500;29700;36340;47650;63030;80350
"Computer User Support Specialists";51500;28280;36610;47610;62050;80180
"Tapers";51490;28750;35350;46630;67110;85500
"Media and Communication Workers, All Other";51440;24280;31980;45860;65990;87410
"Choreographers";51390;18840;28550;44250;68410;101830
"Occupational Therapy Assistants and Aides";51330;24880;36400;52300;65140;75270
"Archivists, Curators, and Museum Technicians";51290;26030;34550;46300;62870;82760
"Occupational Health and Safety Technicians";51270;29840;36880;48120;61740;77010
"Airfield Operations Specialists";51190;25200;34270;49180;61650;81700
"Fine Artists, Including Painters, Sculptors, and Illustrators";51120;18260;26720;43890;65510;92400
"Derrick Operators, Oil and Gas";51090;32700;38280;48410;59940;74290
"Commercial Divers";51070;29270;35260;45890;58490;84370
"Art and Design Workers";51070;21750;29200;43100;64090;90650
"Environmental Engineering Technicians";51030;30250;36950;48170;61790;77030
"Meeting, Convention, and Event Planners";50910;25940;34680;46490;61570;82060
"Aircraft Structure, Surfaces, Rigging, and Systems Assemblers";50810;30810;37800;48340;65690;75490
"Earth Drillers, Except Oil and Gas";50790;28450;34430;43540;57020;73470
"Aircraft Cargo Handling Supervisors";50760;30250;36570;47760;62460;76400
"Rail-Track Laying and Maintenance Equipment Operators";50740;31850;41400;51840;59350;68800
"Clinical Laboratory Technologists and Technicians";50690;28500;36600;49310;62300;75360
"Graphic Designers";50670;27100;34600;45900;61740;80570
"Postal Service Workers";50650;31840;45890;54720;57210;57510
"Media and Communication Equipment Workers";50550;19660;27790;41790;63330;90910
"Industrial Machinery Mechanics";50440;31410;38740;48630;60250;73470
"Civil Engineering Technicians";50290;31060;37540;48340;60520;73860
"Costume Attendants";50270;18900;25610;41670;66470;81370
"Computer Numerically Controlled Machine Tool Programmers, Metal and Plastic";50200;31710;38090;47500;59430;73860
"Control and Valve Installers and Repairers";50190;27650;34940;46600;63870;78350
"Insulation Workers, Mechanical";50160;27000;33390;42990;62370;87210
"Tax Examiners, Collectors and Preparers, and Revenue Agents";50140;21340;30530;45060;63470;89310
"Brokerage Clerks";50120;31740;38030;47520;59960;73100
"Tool and Die Makers";50090;31310;39880;48890;60610;72120
"Miscellaneous Electrical and Electronic Equipment Mechanics, Installers, and Repairers";50080;27210;36000;48500;61960;75750
"Miscellaneous Media and Communication Workers";50040;22720;31820;44390;61940;83750
"Brickmasons, Blockmasons, and Stonemasons";50000;28080;35060;46060;61220;78560
"Radio, Cellular, and Tower Equipment Installers and Repairers";49880;27880;35420;47950;64730;75100
"Gaming Supervisors";49660;29670;38280;49420;59810;71790
"Electrical and Electronic Equipment Mechanics, Installers, and Repairers";49520;26500;34870;47660;63330;75260
"Supervisors of Sales Workers";49370;24530;30750;40720;56660;82940
"First-Line Supervisors of Sales Workers";49370;24530;30750;40720;56660;82940
"News Analysts, Reporters and Correspondents";49360;21420;27410;37200;58540;90460
"Interpreters and Translators";49320;22240;31750;43590;60380;80650
"Industrial Machinery Installation, Repair, and Maintenance Workers";49220;30130;37490;47440;59270;72370
"Chemical Equipment Operators and Tenders";49150;28160;36020;48090;60650;72740
"Social Workers";49150;28240;35010;45500;59900;75850
"Fire Fighting and Prevention Workers";49080;22350;31690;46320;62390;81870
"Postal Service Clerks";49040;26950;35670;55590;55880;57760
"Exercise Physiologists";49040;30700;37220;46270;58580;73010
"Farm and Home Management Advisors";49000;25570;34590;46520;60470;76240
"First-Line Supervisors of Helpers, Laborers, and Material Movers, Hand";48980;28360;35860;46690;59700;74190
"Mine Cutting and Channeling Machine Operators";48900;30130;39640;50260;58460;66540
"Pumping Station Operators";48900;27110;35190;47570;60960;73020
"Mining Machine Operators, All Other";48870;31170;38540;49150;58820;69130
"Hoist and Winch Operators";48820;25970;31380;39580;66310;87030
"Respiratory Therapy Technicians";48800;31260;38940;47810;58520;69800
"Mining Machine Operators";48770;31080;39190;49120;58410;67940
"Firefighters";48750;22130;31340;45970;61950;81450
"Mobile Heavy Equipment Mechanics, Except Engines";48720;31780;38350;47580;57810;68990
"Postal Service Mail Sorters, Processors, and Processing Machine Operators";48710;29200;50870;54520;54530;54720
"Sheet Metal Workers";48700;25590;32880;45070;60390;79430
"Continuous Mining Machine Operators";48670;31420;39020;48440;58280;68440
"Wellhead Pumpers";48590;27440;35490;47340;60120;72250
"Medical Equipment Repairers";48540;27660;34400;45660;60010;74750
"Miscellaneous First-Line Supervisors, Protective Service Workers";48440;26420;34120;45830;58500;74810
"First-Line Supervisors of Protective Service Workers, All Other";48440;26420;34120;45830;58500;74810
"Model Makers, Metal and Plastic";48370;25570;34220;46180;61720;74090
"Librarians, Curators, and Archivists";48260;22980;31840;45430;60680;77250
"Title Examiners, Abstractors, and Searchers";48190;27070;33570;43080;57160;76300
"Counselors";48030;26030;33530;44520;59250;75820
"Operating Engineers and Other Construction Equipment Operators";48020;28180;34110;43510;58800;75440
"Life, Physical, and Social Science Technicians, All Other";47860;25380;33540;44650;58710;74730
"Hearing Aid Specialists";47820;22810;30550;43010;63710;76950
"Farm Labor Contractors";47790;19560;22360;41110;62120;88640
"Teachers and Instructors, All Other, Except Substitute Teachers";47780;19050;25410;41390;62770;84750
"Clergy";47730;22300;31580;43950;58950;76420
"Credit Counselors";47600;28850;34340;42110;53300;72420
"Production, Planning, and Expediting Clerks";47590;26830;34620;45670;57950;72050
"Supervisors of Farming, Fishing, and Forestry Workers";47540;26060;33170;44880;58650;73600
"First-Line Supervisors of Farming, Fishing, and Forestry Workers";47540;26060;33170;44880;58650;73600
"Miscellaneous Health Technologists and Technicians";47520;26610;32630;42700;57360;74480
"Loading Machine Operators, Underground Mining";47500;27680;38040;50290;57670;62230
"Chemical Technicians";47390;27100;33990;44180;58170;73160
"Construction Equipment Operators";47340;27600;33620;42900;57870;74890
"Fabric and Apparel Patternmakers";47280;22030;29150;41310;63310;82650
"Counselors, All Other";47240;26110;33830;44830;58550;72810
"All Occupations";47230;18350;22950;35540;57720;90060
"Precision Instrument and Equipment Repairers";47040;25810;33060;44400;58870;73250
"Riggers";46900;26640;32360;41570;55280;70100
"Heating, Air Conditioning, and Refrigeration Mechanics and Installers";46880;27630;34610;44630;57500;70820
"Heavy Vehicle and Mobile Equipment Service Technicians and Mechanics";46860;28890;36000;45930;56700;67070
"Extraction Workers";46770;26540;32920;42150;55480;71170
"Broadcast and Sound Engineering Technicians and Radio Operators";46770;20580;28950;41420;59270;78410
"Pump Operators, Except Wellhead Pumpers";46700;25410;32480;43500;59100;72870
"Construction and Extraction Occupations";46600;24430;31000;41380;58310;76860
"Traffic Technicians";46540;27220;33840;43430;58300;72130
"Life, Physical, and Social Science Technicians";46480;25490;32370;42630;56720;73590
"First-Line Supervisors of Gaming Workers";46430;24700;34030;45780;57770;69810
"Audio-Visual and Multimedia Collections Specialists";46390;24750;31730;44070;58740;73010
"Designers";46370;21340;27850;39850;58620;79520
"Miscellaneous Life, Physical, and Social Science Technicians";46350;25750;32190;42820;56420;72580
"Flight Attendants";46300;28820;34990;42290;54350;72560
"Layout Workers, Metal and Plastic";46290;27000;34350;45020;56150;67270
"Bridge and Lock Tenders";46210;25900;35570;48120;55440;60350
"Child, Family, and School Social Workers";46180;27500;33590;42120;55400;72510
"Water and Wastewater Treatment Plant and System Operators";46140;26640;34110;44100;56290;70270
"Recreational Therapists";46060;27150;34330;44000;56860;69230
"Audio and Video Equipment Technicians";46040;22290;30350;41780;58030;74950
"First-Line Supervisors of Landscaping, Lawn Service, and Groundskeeping Workers";46020;26990;33550;43160;56010;70680
"Chemical Processing Machine Setters, Operators, and Tenders";45940;25780;33140;44140;57590;70040
"Environmental Science and Protection Technicians, Including Health";45910;26660;33150;42190;55630;71240
"Chefs and Head Cooks";45880;23140;30630;41610;56820;73720
"Model Makers and Patternmakers, Metal and Plastic";45820;24070;32600;44190;57770;70920
"Mental Health and Substance Abuse Social Workers";45820;25770;32410;41380;54510;70300
"Reporters and Correspondents";45800;21090;26910;36000;54820;81940
"Refractory Materials Repairers, Except Brickmasons";45760;31510;38760;44910;52580;61470
"Radio Operators";45740;18650;33220;46380;57180;71560
"Athletic Trainers";45730;27610;34950;43370;53900;67070
"Legal Secretaries";45670;26680;32970;42770;56770;70950
"Dredge Operators";45640;25540;32200;40950;55980;72330
"Health Technologists and Technicians, All Other";45620;26550;32220;41420;55190;70050
"Other Sales and Related Workers";45600;18320;21680;29730;52720;95240
"Carpenters";45590;25640;32030;40820;55710;74750
"Religious Workers";45510;19390;28560;41220;57510;75650
"Occupational Therapy and Physical Therapist Assistants and Aides";45500;21200;27410;44810;60180;72870
"Other Construction and Related Workers";45470;24690;31350;41160;55900;74140
"Construction Trades Workers";45360;24360;30660;40150;56710;75090
"Counselors, Social Workers, and Other Community and Social Service Specialists";45310;24180;31270;41290;56240;73150
"Community and Social Service Occupations";45310;23990;31190;41290;56290;73250
"Installation, Maintenance, and Repair Occupations";45220;23220;30980;42110;57060;72560
"Bus and Truck Mechanics and Diesel Engine Specialists";45160;28130;34710;43630;54710;65350
"Drywall Installers, Ceiling Tile Installers, and Tapers";45090;25720;31760;38970;54650;78050
"Health Technologists and Technicians";45060;24880;31630;41430;55680;72000
"Surgical Technologists";45010;30780;35580;43350;52890;62170
"Correctional Officers and Jailers";44910;27280;32390;39780;55670;72790
"Bailiffs, Correctional Officers, and Jailers";44820;27250;32310;39700;55670;72670
"Rail Yard Engineers, Dinkey Operators, and Hostlers";44810;31710;37400;43880;51470;60050
"Directors, Religious Activities and Education";44680;18900;26120;38480;56950;78880
"Biological Technicians";44610;26300;32590;41290;53300;67920
"Painters, Transportation Equipment";44580;25730;32120;40770;54570;68970
"Miscellaneous Extraction Workers";44570;25230;29800;41140;49520;61050
"Extraction Workers, All Other";44570;25230;29800;41140;49520;61050
"Tank Car, Truck, and Ship Loaders";44540;22920;30270;41180;58770;71900
"Dredge, Excavating, and Loading Machine Operators";44470;26820;32690;40650;53820;68640
"Insulation Workers";44390;24240;29830;37790;52980;76670
"Museum Technicians and Conservators";44320;22980;31070;39940;54010;71510
"Glaziers";44220;24670;31540;38410;51820;76840
"Excavating and Loading Machine and Dragline Operators";44160;26800;32540;39830;52670;69280
"Tile and Marble Setters";44160;23570;30120;38980;55230;74550
"Maintenance Workers, Machinery";44050;26450;33610;42640;53130;62410
"Radio and Television Announcers";44030;17610;20220;29790;46610;80000
"Mental Health Counselors";43990;26030;32320;40850;52760;66930
"Protective Service Occupations";43980;19090;24510;37180;57270;80360
"Cargo and Freight Agents";43960;23760;31470;41380;52190;65930
"Security and Fire Alarm Systems Installers";43910;26710;33750;42560;52660;63390
"Surveying and Mapping Technicians";43870;25270;31840;40770;53540;67320
"Automotive Body and Related Repairers";43870;24640;31530;40320;53370;68590
"Tax Preparers";43870;18950;23880;35990;56250;80660
"Drywall and Ceiling Tile Installers";43820;25360;31250;38100;51700;75570
"Community and Social Service Specialists, All Other";43740;23610;31710;41420;53880;68860
"Agricultural Inspectors";43630;25320;32940;43090;50930;62970
"Physical Therapist Assistants and Aides";43600;20810;25780;41640;58410;71650
"Animal Breeders";43470;19010;26810;40000;57440;73110
"Licensed Practical and Licensed Vocational Nurses";43420;31640;35780;42490;49450;58710
"Terrazzo Workers and Finishers";43270;25190;29880;39090;53550;67460
"Forest Fire Inspectors and Prevention Specialists";43230;24550;28920;36430;53510;74050
"Social Science Research Assistants";43070;19130;28790;39460;53050;69570
"Dancers and Choreographers";43020;17920;21280;35090;55910;81970
"Plasterers and Stucco Masons";43000;24940;31390;37550;51680;71710
"Statistical Assistants";42990;24330;32030;42070;52650;61260
"Other Installation, Maintenance, and Repair Occupations";42930;22650;29770;39790;53910;68480
"Announcers";42810;17500;19790;29010;46570;76830
"Hazardous Materials Removal Workers";42730;25860;30620;38520;52670;67420
"Eligibility Interviewers, Government Programs";42460;29500;33910;42200;49370;56930
"Paving, Surfacing, and Tamping Equipment Operators";42460;25180;30570;38660;50030;66260
"Camera and Photographic Equipment Repairers";42360;22480;29120;40020;52570;65290
"Bailiffs";42360;20630;28390;38150;56120;70970
"Miscellaneous Education, Training, and Library Workers";42330;20520;26730;37890;52500;72670
"Education, Training, and Library Workers, All Other";42330;20520;26730;37890;52500;72670
"Carpet, Floor, and Tile Installers and Finishers";42320;21960;28400;37380;51880;71830
"Broadcast Technicians";42310;18610;24300;36560;55990;76230
"First-Line Supervisors of Retail Sales Workers";42190;23610;29290;37860;48920;63500
"Stonemasons";42130;23630;29340;37880;49950;65860
"Vehicle and Mobile Equipment Mechanics, Installers, and Repairers";42120;21860;29090;39450;52900;65570
"Embalmers";42100;24080;31890;41720;51070;60430
"Tire Builders";41960;25030;32460;42540;52850;58560
"Desktop Publishers";41960;20780;28390;38200;51240;65650
"Heavy and Tractor-Trailer Truck Drivers";41930;25740;32000;39520;49410;61150
"Substance Abuse and Behavioral Disorder Counselors";41870;25310;31400;39270;50010;61420
"Electric Motor, Power Tool, and Related Repairers";41850;24750;30860;39220;50120;62100
"Massage Therapists";41790;18460;25090;37180;54120;71950
"Solar Photovoltaic Installers";41770;28420;33440;40020;48080;58340
"Supervisors of Building and Grounds Cleaning and Maintenance Workers";41700;23810;29710;38600;50670;64400
"First-Line Supervisors of Building and Grounds Cleaning and Maintenance Workers";41700;23810;29710;38600;50670;64400
"Patternmakers, Metal and Plastic";41670;22360;29780;41390;52620;60690
"Carpet Installers";41660;20580;26080;35880;51240;73560
"Miscellaneous Communications Equipment Operators";41600;26290;31620;40080;50950;59750
"Communications Equipment Operators, All Other";41600;26290;31620;40080;50950;59750
"Machinists";41540;24620;31410;39980;49950;60740
"Metal-Refining Furnace Operators and Tenders";41260;27210;33430;41140;47800;56670
"Computer Operators";41240;23140;29900;39590;51740;60130
"Miscellaneous Financial Clerks";41180;25620;31880;39220;48000;58780
"Financial Clerks, All Other";41180;25620;31880;39220;48000;58780
"Separating, Filtering, Clarifying, Precipitating, and Still Machine Setters, Operators, and Tenders";41150;23150;29730;38590;50970;62080
"Motorboat Operators";41130;19230;24510;37120;58240;69250
"Cement Masons, Concrete Finishers, and Terrazzo Workers";41020;24810;29690;36800;48520;64340
"Self-Enrichment Education Teachers";41020;18620;24400;36020;52180;71170
"Sailors and Marine Oilers";40970;21480;28670;39100;50610;62810
"Cement Masons and Concrete Finishers";40970;24810;29690;36760;48430;64250
"Payroll and Timekeeping Clerks";40910;25970;32330;39700;48140;58550
"Medical and Clinical Laboratory Technicians";40750;25500;30860;38370;48470;59750
"Pipelayers";40730;24830;29120;37000;49630;64970
"Floor Layers, Except Carpet, Wood, and Hard Tiles";40690;23750;29920;36670;47340;64680
"Locksmiths and Safe Repairers";40620;23220;29600;38600;49850;61050
"Athletes, Coaches, Umpires, and Related Workers";40600;17610;19780;30670;47900;70610
"Automotive Technicians and Repairers";40540;21190;27900;37580;50150;62840
"Legislators";40430;16710;18010;20180;59720;87880
"Installation, Maintenance, and Repair Workers, All Other";40400;21670;27810;37220;50550;62220
"Jewelers and Precious Stone and Metal Workers";40350;21130;27110;36870;48550;61720
"Procurement Clerks";40240;25450;32060;39930;47440;55620
"Rolling Machine Setters, Operators, and Tenders, Metal and Plastic";40230;24160;29760;39900;48500;58530
"Engine and Other Machine Assemblers";40180;25460;30850;38310;50180;58090
"Dental Laboratory Technicians";40140;22120;28340;36830;48630;61390
"Welders, Cutters, Solderers, and Brazers";40040;25510;30890;37420;46810;58590
"Automotive Service Technicians and Mechanics";39980;20800;27270;37120;49780;62280
"Meter Readers, Utilities";39970;21880;27610;37580;50450;62170
"Patternmakers, Wood";39870;21710;28770;37980;47510;64940
"Painters, Construction and Maintenance";39780;23730;28920;35950;47270;62090
"Painters and Paperhangers";39740;23670;28870;35910;47240;62040
"Dispatchers, Except Police, Fire, and Ambulance";39710;22070;28140;36690;47670;61020
"Computer Control Programmers and Operators";39690;24410;29770;37740;47230;58580
"Dispatchers";39610;22550;28570;36960;47620;60240
"Roofers";39600;23410;28360;35760;47780;61240
"Welding, Soldering, and Brazing Workers";39570;25250;30540;37120;46400;57900
"Supervisors of Personal Care and Service Workers";39560;22280;27890;36520;48180;61030
"Bus Drivers, Transit and Intercity";39410;21390;27090;37470;49840;61570
"Police, Fire, and Ambulance Dispatchers";39410;23790;29400;37410;47520;58870
"Fitness Trainers and Aerobics Instructors";39410;18110;22540;34980;50920;67560
"Telephone Operators";39350;20610;25970;35140;51700;61180
"Mechanical Door Repairers";39250;24870;30450;37080;46040;57670
"Fallers";39240;21760;26940;34490;49940;65810
"Coaches and Scouts";39150;17570;19750;30640;47700;68950
"First-Line Supervisors of Housekeeping and Janitorial Workers";39110;22340;27830;36270;47420;60370
"Metal Furnace Operators, Tenders, Pourers, and Casters";39090;25100;30470;38740;46500;55210
"Miscellaneous Community and Social Service Specialists";39070;21020;26500;35110;47230;63030
"Prepress Technicians and Workers";39000;22060;28820;37200;47200;58600
"Medical Appliance Technicians";39000;22590;28110;35580;46030;61220
"Human Resources Assistants, Except Payroll and Timekeeping";38980;25090;31090;38040;46160;54960
"Medical Records and Health Information Technicians";38860;23340;28250;35900;46640;59160
"Milling and Planing Machine Setters, Operators, and Tenders, Metal and Plastic";38830;23390;29160;37100;46590;57860
"Secretaries and Administrative Assistants";38750;22170;27960;35970;46820;59560
"Insurance Claims and Policy Processing Clerks";38740;25550;30100;36740;45500;55930
"Preschool and Kindergarten Teachers";38680;19660;24300;34100;48540;64930
"Sales and Related Occupations";38660;17340;19070;25360;44020;75280
"Transportation Security Screeners";38600;32770;35470;38090;41090;45560
"Motorboat Mechanics and Service Technicians";38600;22260;28970;37340;46950;57790
"Construction and Related Workers, All Other";38560;22380;27670;35400;45920;59450
"Computer, Automated Teller, and Office Machine Repairers";38450;21860;27790;36560;46850;58540
"Miscellaneous Construction and Related Workers";38420;22180;27560;35260;45770;59350
"Inspectors, Testers, Sorters, Samplers, and Weighers";38400;20820;26610;35330;46870;60440
"Miscellaneous Information and Record Clerks";38390;23670;29570;37700;45980;54050
"Information and Record Clerks, All Other";38390;23670;29570;37700;45980;54050
"Maintenance and Repair Workers, General";38390;21370;27450;36170;47250;59170
"Photographers";38350;18120;21550;30490;46420;68930
"Fishers and Related Fishing Workers";38310;21020;26310;35250;47270;63670
"Travel Guides";38260;20490;26650;35100;45660;60730
"Watch Repairers";38240;20010;24350;35450;47440;60200
"First-Line Supervisors of Personal Service Workers";38240;22030;27260;35250;46180;59230
"Community Health Workers";38180;20790;26910;34870;46100;60360
"Structural Metal Fabricators and Fitters";38160;24690;29680;36570;45240;55040
"Metal Workers and Plastic Workers";38140;22570;28190;36120;46000;57440
"Electronic Home Entertainment Equipment Installers and Repairers";38140;21690;27790;36090;46950;58450
"Loan Interviewers and Clerks";38120;24400;29620;36880;45470;54370
"Bookkeeping, Accounting, and Auditing Clerks";38070;22480;28860;36430;45730;56470
"Sales and Related Workers, All Other";38050;18660;22510;30160;46140;66230
"Forest and Conservation Technicians";37990;25180;28280;35260;45710;54660
"Computer-Controlled Machine Tool Operators, Metal and Plastic";37920;23670;28810;36440;45510;55400
"Highway Maintenance Workers";37910;23120;29060;36580;45440;54840
"Rehabilitation Counselors";37890;21200;26590;34380;45570;59810
"Public Address System and Other Announcers";37850;17180;18910;25730;46320;63820
"Miscellaneous Material Moving Workers";37840;18530;21900;30830;50080;68890
"Material Moving Workers, All Other";37840;18530;21900;30830;50080;68890
"Parking Enforcement Workers";37750;22040;27830;36570;46930;56200
"Travel Agents";37730;19680;26360;34800;45880;59070
"Home Appliance Repairers";37720;20840;26670;35410;46200;59220
"Roustabouts, Oil and Gas";37700;23900;28810;35780;45020;55920
"Driver/Sales Workers and Truck Drivers";37620;19170;25760;35330;46640;59980
"Insulation Workers, Floor, Ceiling, and Wall";37540;22000;26780;33720;43290;61450
"Word Processors and Typists";37440;25070;30850;36700;43180;50160
"Tool Grinders, Filers, and Sharpeners";37380;22250;27450;35420;44940;55530
"Lathe and Turning Machine Tool Setters, Operators, and Tenders, Metal and Plastic";37360;23070;28710;36260;44910;53830
"Court, Municipal, and License Clerks";37340;23510;28250;35460;44250;53320
"Agricultural and Food Science Technicians";37330;22380;27770;35140;44310;55170
"Farm Equipment Mechanics and Service Technicians";37320;23260;28820;36150;44830;53830
"Paperhangers";37240;21040;26600;32930;44860;59960
"Other Teachers and Instructors";37240;18160;21960;30410;44750;65580
"Miscellaneous Sales and Related Workers";37050;18420;21860;29390;44900;64340
"Recreational Vehicle Service Technicians";37030;22710;28830;35630;44010;54180
"Septic Tank Servicers and Sewer Pipe Cleaners";37010;21330;27030;34810;44930;57150
"Proofreaders and Copy Markers";36990;19620;26460;34980;46250;56850
"Floor Sanders and Finishers";36850;21960;28210;35770;44560;54350
"Heat Treating Equipment Setters, Operators, and Tenders, Metal and Plastic";36850;22900;28200;35320;44010;53820
"Furnace, Kiln, Oven, Drier, and Kettle Operators and Tenders";36800;22580;27560;34900;44600;55110
"Semiconductor Processors";36770;24520;28410;34680;42860;53610
"Model Makers and Patternmakers, Wood";36760;20580;25410;33710;43660;60000
"Credit Authorizers, Checkers, and Clerks";36730;24440;28050;34550;43770;54110
"Printing Press Operators";36700;20490;26620;35100;45020;55720
"Medical, Dental, and Ophthalmic Laboratory Technicians";36660;20980;25950;33430;43850;57520
"Funeral Service Workers";36610;18320;21820;29730;45430;63560
"Logging Workers, All Other";36560;25160;31490;35460;40590;49390
"Paper Goods Machine Setters, Operators, and Tenders";36550;20820;27280;35260;44580;55320
"Ophthalmic Medical Technicians";36520;24350;28980;35230;42820;50540
"Log Graders and Scalers";36480;23500;28460;35430;43390;49470
"Logging Workers";36480;22370;28000;35160;43600;52340
"Welding, Soldering, and Brazing Machine Setters, Operators, and Tenders";36450;23290;28380;35180;43390;51720
"Painting Workers";36370;21280;26320;33740;43530;56050
"Craft Artists";36300;18360;22600;31080;44590;62400
"Fishing and Hunting Workers";36290;19610;25730;32530;43870;59860
"Drilling and Boring Machine Tool Setters, Operators, and Tenders, Metal and Plastic";36280;21940;27000;34500;43420;53840
"Dental Assistants";36260;24580;29260;35390;42810;49540
"Opticians, Dispensing";36260;21510;26440;34280;44470;55160
"Correspondence Clerks";36240;23690;28920;35460;42990;49250
"Miscellaneous Metal Workers and Plastic Workers";36200;21000;25930;33800;44140;55990
"Musical Instrument Repairers and Tuners";36200;19540;25110;33150;43220;59430
"Helpers--Extraction Workers";36100;23440;27860;34480;43030;51460
"Refuse and Recyclable Material Collectors";36030;19480;24430;33660;44790;58590
"Miscellaneous Installation, Maintenance, and Repair Workers";36010;19210;23880;32290;44850;58700
"Motor Vehicle Operators";35970;18780;24250;33590;44750;58020
"Printing Workers";35960;20220;25930;34250;44150;54780
"Mixing and Blending Machine Setters, Operators, and Tenders";35950;21260;26580;34340;43850;53910
"Miscellaneous Transportation Workers";35940;19870;24220;33790;45110;55290
"Transportation Workers, All Other";35940;19870;24220;33790;45110;55290
"Logging Equipment Operators";35830;22220;27950;35190;43120;49090
"Motorcycle Mechanics";35810;21270;26460;34010;43520;54120
"Forming Machine Setters, Operators, and Tenders, Metal and Plastic";35770;21740;26690;34320;43710;52430
"Financial Clerks";35770;21630;26750;34000;42900;52820
"Construction Laborers";35750;20230;24740;31090;42230;59900
"Small Engine Mechanics";35740;21110;26580;34130;43530;53760
"Medical Transcriptionists";35580;22220;27970;34750;42340;49290
"Billing and Posting Clerks";35560;24090;28350;34410;41180;48860
"Bill and Account Collectors";35540;22240;27100;33700;41320;51120
"Office and Administrative Support Occupations";35530;19480;24650;32520;43410;56460
"Production Occupations";35490;19180;23630;31720;43320;57930
"Forging Machine Setters, Operators, and Tenders, Metal and Plastic";35480;21400;25890;33710;43530;53960
"Healthcare Support Workers, All Other";35440;21170;26820;34620;42810;50910
"Forest, Conservation, and Logging Workers";35430;20450;26660;34200;42750;51220
"Metal Workers and Plastic Workers, All Other";35340;19740;23820;32130;43450;57780
"Multiple Machine Tool Setters, Operators, and Tenders, Metal and Plastic";35290;21980;27010;34140;42480;49820
"Slot Supervisors";35270;20250;24160;33270;43740;55380
"Timing Device Assemblers and Adjusters";35230;21150;23130;30060;43100;61000
"Miscellaneous Teachers and Instructors";35230;17950;21270;28600;40520;60460
"Psychiatric Technicians";35160;20990;24830;31130;42680;57280
"Tree Trimmers and Pruners";35150;21070;26110;32960;42770;53750
"Emergency Medical Technicians and Paramedics";35110;20690;25170;31700;41780;54690
"New Accounts Clerks";34890;25200;28610;34000;39220;46790
"Reservation and Transportation Ticket Agents and Travel Clerks";34790;20360;24110;33510;44860;51620
"Crushing, Grinding, Polishing, Mixing, and Blending Workers";34780;20740;25560;33040;42230;51720
"Segmental Pavers";34750;18120;24090;32180;38490;55570
"Crushing, Grinding, and Polishing Machine Setters, Operators, and Tenders";34700;20720;25290;33070;41890;50510
"Miscellaneous Religious Workers";34700;17850;19690;29620;44550;62880
"Religious Workers, All Other";34700;17850;19690;29620;44550;62880
"Model Makers, Wood";34570;19930;24260;30940;38470;56160
"Secretaries and Administrative Assistants, Except Legal, Medical, and Executive";34500;20570;26180;33240;41710;50320
"Transportation and Material Moving Occupations";34460;18120;21330;29530;41530;57440
"Miscellaneous Office and Administrative Support Workers";34440;18610;23060;32460;42170;54320
"Office and Administrative Support Workers, All Other";34440;18610;23060;32460;42170;54320
"Pourers and Casters, Metal";34430;21790;26390;32410;41350;48770
"Animal Control Workers";34370;20390;25800;32560;41010;51630
"Rock Splitters, Quarry";34340;21040;26650;33240;40580;49060
"Electromechanical Equipment Assemblers";34330;21710;26150;32760;40790;48940
"Grinding, Lapping, Polishing, and Buffing Machine Tool Setters, Operators, and Tenders, Metal and Plastic";34150;21310;25840;32660;40460;48780
"Extruding and Forming Machine Setters, Operators, and Tenders, Synthetic and Glass Fibers";34090;21460;26220;32970;40180;48390
"Automotive Glass Installers and Repairers";34050;20330;25630;32590;41020;48840
"Health Practitioner Support Technologists and Technicians";34040;21190;25630;32040;39750;49580
"Supervisors of Food Preparation and Serving Workers";34030;19860;23480;30500;41300;53650
"Conveyor Operators and Tenders";34020;21660;26150;31220;38950;52450
"Machine Tool Cutting Setters, Operators, and Tenders, Metal and Plastic";34000;21000;25630;32360;40300;48970
"Customer Service Representatives";33890;19860;24620;31200;39970;51630
"Light Truck or Delivery Services Drivers";33870;18460;22240;29570;40200;60710
"Adhesive Bonding Machine Operators and Tenders";33860;20720;25080;31340;39560;49860
"Medical Equipment Preparers";33850;22290;26540;32260;38750;47980
"Skincare Specialists";33810;17680;20280;29050;41510;58880
"Extruding and Drawing Machine Setters, Operators, and Tenders, Metal and Plastic";33800;21210;25880;32610;40630;47980
"Outdoor Power Equipment and Other Small Engine Mechanics";33730;20640;25490;32120;40010;49230
"Miscellaneous Textile, Apparel, and Furnishings Workers";33610;19510;24180;31100;39320;51130
"Coil Winders, Tapers, and Finishers";33530;20760;25690;32980;40490;47280
"Medical Secretaries";33530;22270;26580;32240;38600;47300
"Models";33530;16920;18070;19970;40040;49630
"Cabinetmakers and Bench Carpenters";33500;20130;24910;31580;39240;49630
"Library Technicians";33490;19090;24170;31680;41120;50190
"Fence Erectors";33490;20540;25220;31510;38520;48760
"Coin, Vending, and Amusement Machine Servicers and Repairers";33480;19110;24110;31860;40690;49190
"Extruding, Forming, Pressing, and Compacting Machine Setters, Operators, and Tenders";33470;20550;25000;32100;40080;48740
"Umpires, Referees, and Other Sports Officials";33400;17500;19030;24090;38180;57340
"Industrial Truck and Tractor Operators";33320;21010;25190;31340;38810;47900
"Miscellaneous Motor Vehicle Operators";33320;17630;19630;28910;44900;55410
"Motor Vehicle Operators, All Other";33320;17630;19630;28910;44900;55410
"Upholsterers";33280;19940;24530;31890;38750;49950
"Other Production Occupations";33270;18840;22800;30290;40010;52840
"Other Healthcare Support Occupations";33160;21040;25700;31540;38310;47270
"Material Recording, Scheduling, Dispatching, and Distributing Workers";33140;18090;21340;29210;41860;56420
"Order Clerks";33110;19430;24100;31180;39750;49290
"Pesticide Handlers, Sprayers, and Applicators, Vegetation";33070;21790;26170;31240;37860;47020
"Cutting and Slicing Machine Setters, Operators, and Tenders";32970;20660;25210;32040;39130;47450
"Graduate Teaching Assistants";32970;18250;21490;31570;42430;49240
"Electronic Equipment Installers and Repairers, Motor Vehicles";32920;18330;23180;31020;38930;49290
"Coating, Painting, and Spraying Machine Setters, Operators, and Tenders";32890;20640;25060;31460;38840;47730
"Information and Record Clerks";32870;19310;23740;30450;39180;49250
"Pest Control Workers";32850;20100;24990;30660;38420;48600
"Grounds Maintenance Workers, All Other";32660;18320;21460;28800;41250;54810
"Miscellaneous Healthcare Support Occupations";32590;21220;25710;31290;37920;46270
"Electrical, Electronics, and Electromechanical Assemblers";32540;19910;24030;30540;38560;48000
"Foundry Mold and Coremakers";32510;21350;25480;31340;37900;46080
"Parts Salespersons";32450;18520;22320;29440;39180;50750
"Cutting, Punching, and Press Machine Setters, Operators, and Tenders, Metal and Plastic";32430;20440;24690;30680;38180;47130
"First-Line Supervisors of Food Preparation and Serving Workers";32420;19680;23040;29560;39030;49470
"Animal Trainers";32400;17650;20190;25770;40220;57160
"Protective Service Workers, All Other";32360;18160;21380;28440;38450;53810
"Veterinary Technologists and Technicians";32350;21390;25740;31070;37590;45710
"Plating and Coating Machine Setters, Operators, and Tenders, Metal and Plastic";32330;20270;24050;30210;38110;48170
"Gaming Surveillance Officers and Gaming Investigators";32290;20850;25120;29840;37810;47740
"Interviewers, Except Eligibility and Loan";32230;20240;25360;30790;37890;46450
"Data Entry and Information Processing Workers";32200;20290;24860;30870;38000;46280
"Bus Drivers";32190;18310;22790;30220;38840;49040
"Electrical and Electronic Equipment Assemblers";32070;19510;23470;29910;38040;47820
"Preschool Teachers, Except Special Education";32040;18680;22010;28120;37660;50880
"Cutting Workers";32020;19990;24060;30650;38280;46980
"Manufactured Building and Mobile Home Installers";31930;19050;23610;29600;36850;48360
"Phlebotomists";31890;22150;25960;30670;36750;43800
"Social and Human Service Assistants";31860;19870;23640;29790;37640;47520
"Other Office and Administrative Support Workers";31850;18590;22710;29710;38150;48100
"Shipping, Receiving, and Traffic Clerks";31770;19800;23930;29930;37700;46780
"Assemblers and Fabricators";31720;18820;22540;29280;37840;49470
"Molders, Shapers, and Casters, Except Metal and Plastic";31700;19340;23400;29820;37510;47390
"Recreation and Fitness Workers";31650;17470;19320;25800;38340;55710
"Helpers--Brickmasons, Blockmasons, Stonemasons, and Tile and Marble Setters";31450;20230;23570;28830;36390;47110
"Print Binding and Finishing Workers";31420;19130;22960;29500;37810;46990
"Miscellaneous Woodworkers";31410;18300;21500;28100;40340;49180
"Woodworkers, All Other";31410;18300;21500;28100;40340;49180
"Production Workers, All Other";31360;18170;21140;28260;37630;49490
"Etchers and Engravers";31240;18530;22420;29250;38110;47320
"Medical Assistants";31220;21540;25500;29960;36070;42760
"Ophthalmic Laboratory Technicians";31100;19930;23410;28890;36210;45570
"Pharmacy Technicians";31090;20730;24470;29810;36600;43900
"Other Education, Training, and Library Occupations";31000;17780;20380;26430;35330;50300
"Agricultural Workers, All Other";30990;18070;21260;27380;38040;52080
"Office Clerks, General";30820;18280;21910;28670;37070;46890
"Cooling and Freezing Equipment Operators and Tenders";30790;19100;22570;28280;38170;46810
"Molders and Molding Machine Setters, Operators, and Tenders, Metal and Plastic";30760;19620;23140;29020;36590;45330
"Woodworkers";30740;19230;23000;28920;36510;45570
"Team Assemblers";30740;18590;22020;28370;36790;48590
"Weighers, Measurers, Checkers, and Samplers, Recordkeeping";30730;18560;22200;28570;37000;46570
"Furniture Finishers";30660;19850;23730;28810;35860;44260
"Machine Feeders and Offbearers";30630;19040;22340;29290;38210;45450
"Molding, Coremaking, and Casting Machine Setters, Operators, and Tenders, Metal and Plastic";30600;19490;22960;28810;36430;45240
"Painting, Coating, and Decorating Workers";30540;18960;22820;28750;36040;45150
"Miscellaneous Assemblers and Fabricators";30400;18450;21780;28050;36410;47660
"Butchers and Meat Cutters";30380;18670;22160;28660;36990;45920
"Fiberglass Laminators and Fabricators";30300;20060;23750;28950;35580;42920
"Concierges";30300;18900;22260;28170;36910;45630
"Office Machine Operators, Except Computer";30200;18710;22700;28510;36230;44940
"Data Entry Keyers";30130;19680;23420;28870;35610;43020
"Grinding and Polishing Workers, Hand";29980;19460;22730;28340;35780;43840
"Building Cleaning Workers, All Other";29920;19400;22950;28440;35620;43580
"Bus Drivers, School or Special Client";29910;17880;21600;28850;36530;44610
"Substitute Teachers";29790;17600;20430;26200;34740;43800
"Forest and Conservation Workers";29640;16800;19380;27160;36630;46390
"Helpers, Construction Trades, All Other";29630;19260;22550;28010;35010;43110
"Merchandise Displayers and Window Trimmers";29530;18800;21630;26590;34560;45300
"File Clerks";29510;18450;21730;27580;35580;44270
"Food and Tobacco Roasting, Baking, and Drying Machine Operators and Tenders";29410;18320;21710;27680;35980;44380
"Miscellaneous Production Workers";29270;17930;20590;26470;35350;45680
"Food Cooking Machine Operators and Tenders";29250;18250;21510;27590;35750;44040
"Counter and Rental Clerks and Parts Salespersons";29250;17630;19700;25640;35210;46920
"Communications Equipment Operators";29220;18870;22000;27150;34040;42940
"Tailors, Dressmakers, and Custom Sewers";29170;18150;21160;26460;33890;42240
"Mail Clerks and Mail Machine Operators, Except Postal Service";29160;18300;21580;27890;35330;42800
"Helpers--Electricians";29110;19040;22620;27940;34360;40200
"Occupational Therapy Aides";29040;18330;20750;26550;33030;44240
"Models, Demonstrators, and Product Promoters";29030;18560;21090;24460;32410;45130
"Textile, Apparel, and Furnishings Workers, All Other";29010;17980;20570;26460;33800;46380
"Helpers--Pipelayers, Plumbers, Pipefitters, and Steamfitters";28940;19160;22420;27710;34230;39860
"Packaging and Filling Machine Operators and Tenders";28940;18040;20610;26410;35010;44840
"Helpers, Construction Trades";28920;19060;22340;27540;33990;40160
"Healthcare Support Occupations";28820;18480;21480;26440;33730;42690
"Food Batchmakers";28790;18100;20950;26770;35040;43880
"Demonstrators and Product Promoters";28760;18920;21310;24520;31930;44590
"Cleaning, Washing, and Metal Pickling Equipment Operators and Tenders";28750;18650;21560;26910;34230;42180
"Assemblers and Fabricators, All Other";28730;17940;20560;26380;34550;43250
"Dietetic Technicians";28600;17940;20560;25780;34290;44200
"Woodworking Machine Setters, Operators, and Tenders, Except Sawing";28580;18900;22260;27450;33800;39700
"Other Protective Service Workers";28530;17590;19760;24590;34040;44890
"Woodworking Machine Setters, Operators, and Tenders";28510;18680;22020;27300;33880;40090
"Agricultural Equipment Operators";28490;17950;20730;26910;34070;41750
"Photographic Process Workers and Processing Machine Operators";28460;17840;20220;24600;32670;45480
"Psychiatric Aides";28430;18760;22460;26220;33000;42310
"Barbers";28430;17460;19450;25410;34280;45640
"Sawing Machine Setters, Operators, and Tenders, Wood";28410;18390;21670;27040;34010;40680
"Couriers and Messengers";28360;18070;21060;26640;33650;42260
"Other Transportation Workers";28280;17320;18740;22130;30000;48010
"Tailors, Dressmakers, and Sewers";28220;18040;20810;25610;32490;39610
"Miscellaneous Food Processing Workers";28210;18030;20830;26230;33940;42680
"Cutters and Trimmers, Hand";28160;18500;21130;25920;32620;41850
"Material Moving Workers";28120;17680;19640;24790;33460;44090
"Security Guards and Gaming Surveillance Officers";28080;17730;20090;24470;32730;44250
"Security Guards";28040;17720;20060;24410;32650;44200
"Switchboard Operators, Including Answering Service";28000;18710;21720;26550;32550;39030
"Barbers, Hairdressers, Hairstylists and Cosmetologists";27960;17170;18700;23200;32270;45830
"Hairdressers, Hairstylists, and Cosmetologists";27940;17160;18680;23120;32170;45840
"Textile Knitting and Weaving Machine Setters, Operators, and Tenders";27890;18760;22260;27270;32790;37810
"Helpers--Carpenters";27870;18640;21740;26600;32520;38610
"Miscellaneous Protective Service Workers";27850;17170;18790;23850;34980;43030
"Receptionists and Information Clerks";27830;18600;21750;26760;32610;38590
"Helpers--Installation, Maintenance, and Repair Workers";27720;17780;20290;25390;32740;41350
"Driver/Sales Workers";27720;17020;18420;22250;34480;47090
"Gaming Cage Workers";27560;18830;21430;25810;32390;40270
"Counter and Rental Clerks";27560;17400;19090;23860;32130;43890
"Cooks, Private Household";27500;17660;20240;22940;32460;37700
"Personal Appearance Workers";27430;17180;18560;22520;31080;44870
"Grounds Maintenance Workers";27350;17930;20510;24810;31700;40300
"Laborers and Freight, Stock, and Material Movers, Hand";27180;17700;19700;24430;31690;41030
"Tour and Travel Guides";27100;17280;19120;24580;31780;39500
"Transportation Attendants, Except Flight Attendants";27060;17190;18640;23380;30780;46220
"Crossing Guards";27040;17520;19440;24750;32060;38540
"Textile Machine Setters, Operators, and Tenders";27020;18670;21740;26280;30880;37050
"Helpers--Roofers";27010;18640;21430;26060;31830;37250
"Bicycle Repairers";26960;18600;21610;26370;30890;37260
"Food Processing Workers";26950;17940;20470;25060;31030;39080
"Gaming Service Workers, All Other";26890;17480;19370;24240;31380;38230
"Butchers and Other Meat, Poultry, and Fish Processing Workers";26850;18140;20840;25250;30640;38270
"Helpers--Painters, Paperhangers, Plasterers, and Stucco Masons";26810;18410;21280;25910;30300;36600
"Cooks, All Other";26780;17590;19800;24970;30940;37960
"Textile Cutting Machine Setters, Operators, and Tenders";26760;18040;20910;25590;30540;37360
"Miscellaneous Vehicle and Mobile Equipment Mechanics, Installers, and Repairers";26760;17920;20420;24500;30760;38740
"Landscaping and Groundskeeping Workers";26720;17830;20300;24290;30650;38620
"Textile Winding, Twisting, and Drawing Out Machine Setters, Operators, and Tenders";26680;19670;22240;26250;30080;35690
"Orderlies";26670;18110;20790;24650;30600;37710
"Physical Therapist Aides";26660;18370;21020;24650;29870;36830
"Tellers";26650;20070;22140;25760;30090;35950
"Residential Advisors";26560;17480;20060;24340;30800;38570
"Baggage Porters, Bellhops, and Concierges";26530;17270;18950;23800;31170;40770
"Floral Designers";26520;17920;20370;24750;30440;37660
"Textile Bleaching and Dyeing Machine Operators and Tenders";26410;18160;20820;24930;31210;37160
"Shoe Machine Operators and Tenders";26390;17230;19530;24750;32660;38080
"Building and Grounds Cleaning and Maintenance Occupations";26370;17200;18970;23270;30700;40560
"Nursing Assistants";26250;18790;21340;25100;30020;36170
"Tour Guides and Escorts";26120;17200;18940;23930;30570;37800
"Laborers and Material Movers, Hand";26120;17460;19130;23380;30420;39190
"Miscellaneous Personal Appearance Workers";26040;17200;18300;20830;28620;41520
"Shoe and Leather Workers";26010;17320;19510;24030;30580;37940
"Library Assistants, Clerical";26010;17370;19170;23910;30800;38420
"Teacher Assistants";26000;17510;19610;24430;30670;37270
"Slaughterers and Meat Packers";25880;18570;21450;25560;29820;34830
"Shoe and Leather Workers and Repairers";25840;17350;19500;23770;29850;37830
"Recreation Workers";25830;17190;18720;22620;29800;39230
"Telemarketers";25800;17340;19040;22740;29270;37990
"Retail Salespersons";25760;17030;18400;21390;28170;39300
"Taxi Drivers and Chauffeurs";25690;17470;19350;23210;29600;37470
"Gaming and Sports Book Writers and Runners";25650;16900;18580;22560;29780;40220
"Tire Repairers and Changers";25610;17740;20020;23730;29480;36970
"Helpers--Production Workers";25600;17470;19440;23610;30000;37330
"Bakers";25550;17570;19510;23600;29640;37580
"Pharmacy Aides";25540;17440;19440;23200;29180;37930
"Ambulance Drivers and Attendants, Except Emergency Medical Technicians";25490;17650;19850;24080;29430;36310
"Janitors and Cleaners, Except Maids and Housekeeping Cleaners";25460;17110;18780;22840;29900;38400
"Stock Clerks and Order Fillers";25380;17260;18870;22850;29650;38140
"Door-to-Door Sales Workers, News and Street Vendors, and Related Workers";25380;17270;18730;21530;27640;40790
"Veterinary Assistants and Laboratory Animal Caretakers";25370;17500;19750;23790;29240;36200
"Food Processing Workers, All Other";25190;17620;19980;23780;29090;35560
"Farmworkers, Farm, Ranch, and Aquacultural Animals";25160;17080;18900;22930;29620;37360
"Farming, Fishing, and Forestry Occupations";25160;17370;18330;20250;28520;40450
"Fabric Menders, Except Garment";25020;17830;20110;23930;28840;33190
"Nursing, Psychiatric, and Home Health Aides";25020;17750;20220;23570;28780;35000
"Sewers, Hand";24980;17770;19920;23630;28740;35150
"Personal Care and Service Occupations";24980;16840;18250;21260;27580;38440
"Cooks, Institution and Cafeteria";24970;17070;19180;23440;29200;36100
"Textile, Apparel, and Furnishings Workers";24940;17280;18820;22590;28920;36710
"Funeral Attendants";24860;17320;19490;23080;28840;36140
"Building Cleaning and Pest Control Workers";24760;16980;18510;22130;28960;37480
"Gaming Change Persons and Booth Cashiers";24640;17340;19410;23340;29010;35050
"Building Cleaning Workers";24590;16960;18470;21990;28690;37210
"Miscellaneous Personal Care and Service Workers";24270;17320;18930;21500;27090;35770
"Personal Care and Service Workers, All Other";24270;17320;18930;21500;27090;35770
"Meat, Poultry, and Fish Cutters and Trimmers";24190;17650;19880;23350;27850;31180
"Retail Sales Workers";24020;16850;18070;20100;25860;36280
"Sewing Machine Operators";23990;17330;18610;21920;27970;34880
"Entertainment Attendants and Related Workers, All Other";23930;16930;18800;22440;27630;33670
"Other Personal Care and Service Workers";23890;16760;18230;21090;25710;35130
"Baggage Porters and Bellhops";23880;16960;18160;20930;27690;35450
"Cooks, Restaurant";23700;17240;19130;22490;27250;31940
"Animal Care and Service Workers";23580;16790;18090;20610;25860;35620
"Cleaners of Vehicles and Equipment";23340;17040;18300;20670;25990;33980
"Motion Picture Projectionists";23260;16950;18260;20830;26070;33860
"Miscellaneous Food Preparation and Serving Related Workers";23060;16820;18110;20510;26630;34320
"Food Preparation and Serving Related Workers, All Other";23060;16820;18110;20510;26630;34320
"Packers and Packagers, Hand";23040;17040;18260;20330;26050;33960
"Locker Room, Coatroom, and Dressing Room Attendants";22980;16910;18050;19940;26120;34080
"Nonfarm Animal Caretakers";22970;16750;18020;20340;25060;33880
"Agricultural Workers";22870;17310;18140;19480;24400;33900
"Cooks";22680;16830;18260;21120;25900;30830
"Automotive and Watercraft Service Attendants";22660;17180;18520;20900;24820;30790
"Bartenders";22620;16610;17630;19050;24020;34920
"Food Servers, Nonrestaurant";22510;16750;17950;19900;24380;32110
"Maids and Housekeeping Cleaners";22500;16700;17950;20120;24520;32730
"Manicurists and Pedicurists";22500;17200;18130;19620;24200;32100
"Home Health Aides";22400;17040;18610;21380;24320;29560
"Graders and Sorters, Agricultural Products";22320;17330;18450;19910;24390;30580
"Cooks and Food Preparation Workers";22310;16800;18140;20660;25190;30440
"Gaming Services Workers";22250;16440;17520;18920;23540;35230
"Hotel, Motel, and Resort Desk Clerks";22180;16780;18160;20610;24290;30460
"Laundry and Dry-Cleaning Workers";22170;16910;18140;20320;24370;30520
"Miscellaneous Agricultural Workers";22000;17290;18060;19330;23720;30890
"Food Preparation and Serving Related Occupations";21980;16580;17630;19130;23660;31440
"Childcare Workers";21710;16570;17800;19730;24210;30080
"Waiters and Waitresses";21640;16470;17430;18730;22340;31930
"Parking Lot Attendants";21610;17070;18150;19800;23750;29410
"Miscellaneous Entertainment Attendants and Related Workers";21500;16610;17600;19040;23000;29730
"Entertainment Attendants and Related Workers";21490;16550;17560;18960;22890;30370
"Cooks, Short Order";21430;16610;17940;20190;23830;28910
"Food Preparation Workers";21340;16730;17890;19560;23740;29300
"Pressers, Textile, Garment, and Related Materials";21260;16820;18070;20150;23750;28440
"Personal Care Aides";21210;16580;18000;20440;23450;27910
"Gaming Dealers";21040;16300;17330;18560;19750;32230
"Lifeguards, Ski Patrol, and Other Recreational Protective Service Workers";21030;16460;17560;19090;22880;29300
"Farmworkers and Laborers, Crop, Nursery, and Greenhouse";20820;17280;17950;19060;22090;27890
"Cashiers";20670;16610;17630;19070;22480;28110
"Amusement and Recreation Attendants";20590;16570;17520;18880;22210;28190
"Ushers, Lobby Attendants, and Ticket Takers";20530;16450;17440;18760;21850;28450
"Dining Room and Cafeteria Attendants and Bartender Helpers";20510;16600;17510;18760;21490;28030
"Food and Beverage Serving Workers";20480;16400;17360;18630;21060;28020
"Other Food Preparation and Serving Related Workers";20070;16530;17490;18780;21450;26070
"Hosts and Hostesses, Restaurant, Lounge, and Coffee Shop";19940;16400;17400;18720;21460;26300
"Counter Attendants, Cafeteria, Food Concession, and Coffee Shop";19820;16530;17480;18740;21170;25470
"Dishwashers";19540;16540;17490;18780;21070;23980
"Shampooers";19480;16660;17600;18760;21020;24110
"Fast Food and Counter Workers";19210;16320;17260;18450;19740;23990
"Combined Food Preparation and Serving Workers, Including Fast Food";19110;16290;17220;18410;19640;23840
"Cooks, Fast Food";19030;16290;17320;18540;20000;23680
