"Occupation";"Total_employment";"Hourly_mean";"H_PCT10";"H_PCT25";"Hourly_median";"H_PCT75";"H_PCT90"
"Anesthesiologists";30060;118,42;72,82;90;90;90;90
"Surgeons";41070;115,6;62,84;90;90;90;90
"Oral and Maxillofacial Surgeons";5120;105,58;44,55;74,88;90;90;90
"Obstetricians and Gynecologists";21740;103,25;48,12;75,35;90;90;90
"Orthodontists";6190;96,65;37,96;56,87;90;90;90
"Physicians and Surgeons";633480;93,74;29;62,9;90;90;90
"Internists, General";48390;91,6;29,27;60,21;90;90;90
"Physicians and Surgeons, All Other";311320;91,23;27,21;53,67;90;90;90
"Family and General Practitioners";124810;89,58;34,71;63,27;86,63;90;90
"Psychiatrists";25080;87,84;29,61;56,03;87,44;90;90
"Chief Executives";246240;86,88;34,97;53,25;83,33;90;90
"Pediatricians, General";31010;84,33;44,77;62,52;78,53;90;90
"Dentists";115390;82,18;33,76;52,63;74,34;90;90
"Dentists, All Other Specialists";5450;81,05;25,5;50,73;81,78;90;90
"Dentists, General";97990;80,2;33,61;52,09;71,9;90;90
"Nurse Anesthetists";36590;76,4;51,56;63,64;73,93;87,43;90
"Petroleum Engineers";33740;70,92;35,57;46,82;62,53;89,04;90
"Prosthodontists";630;68,67;33,62;39,79;48,21;90;90
"Architectural and Engineering Managers";179320;66,69;40,18;50,32;62,8;78,22;90
"Podiatrists";8910;66,1;24,25;38,81;58,03;85,15;90
"Marketing Managers";184490;66,06;31,72;43,57;61,12;82,4;90
"Natural Sciences Managers";53290;65,6;33,67;44,34;57,71;79,43;90
"Computer and Information Systems Managers";330360;65,52;37,73;47,75;61,37;77,66;90
"Lawyers";603310;64,17;26,64;36,36;55,27;82,95;90
"Lawyers and Judicial Law Clerks";614970;63,45;25,96;35,67;54,5;82,12;90
"Financial Managers";518030;62,61;30,04;40,02;55,44;76,55;90
"Marketing and Sales Managers";543410;62,45;27,24;38,27;56,01;79,17;90
"Lawyers, Judges, and Related Workers";663910;62,21;25,14;35,01;53,76;80,28;90
"Advertising, Marketing, Promotions, Public Relations, and Sales Managers";629670;61,48;26,86;37,59;54,92;77,85;90
"Sales Managers";358920;60,6;25,78;35,8;53,2;77,18;90
"Top Executives";2351130;58,68;20,94;31,86;48,51;76,43;90
"Air Traffic Controllers";22860;57,11;32,24;41,75;58,82;72,45;82,69
"Compensation and Benefits Managers";16380;57,05;28,06;38,01;51,96;70,79;90
"Pharmacists";290780;56,96;42,94;51,21;58,15;66,35;72,38
"Operations Specialties Managers";1624000;56,44;27,87;37,19;50,84;69,36;90
"Physicists";16790;56,39;26,41;38,56;52,69;69,72;88,77
"General and Operations Managers";2049870;56,35;21,7;31,54;46,77;71,95;90
"Astronomers and Physicists";18450;55,95;26,21;37,97;52,54;69,74;87,59
"Public Relations and Fundraising Managers";56920;55,48;26,64;35,53;48,8;68,8;90
"Advertising and Promotions Managers";29340;55,15;21,66;31,64;46,5;71,3;90
"Human Resources Managers";116610;54,88;29,06;37,65;49,41;66,5;88,26
"Computer and Information Research Scientists";24210;54,42;31,74;41,28;52,09;64,6;79,61
"Optometrists";33340;54,33;25,13;37,5;48,76;63,74;90
"Management Occupations";6741640;54,08;22,33;32,25;46,75;67,86;90
"Purchasing Managers";70840;53,76;29,25;37,96;51,01;65,57;81,25
"Training and Development Managers";29870;53,38;27,85;36,83;49,01;64,95;85,75
"Computer Hardware Engineers";76360;53,2;31,77;40,67;52,13;65,31;77,22
"Miscellaneous Managers";361900;52,99;25,96;36,61;50,51;64,82;81,13
"Managers, All Other";361900;52,99;25,96;36,61;50,51;64,82;81,13
"Actuaries";21490;52,93;27,92;34,8;46,49;65,44;86,87
"Personal Financial Advisors";196490;51,97;17,07;25,28;38,97;66,99;90
"Aerospace Engineers";69080;51,78;31,79;39,66;50,66;62,63;74,63
"Astronomers";1660;51,51;25,08;32,22;50,68;70,1;78,19
"Judges, Magistrate Judges, and Magistrates";28090;51,16;15,14;25,46;55,36;70,93;86,02
"Software Developers, Systems Software";382400;50,98;30,41;38,72;49,46;61,8;74,42
"Geoscientists, Except Hydrologists and Geographers";34000;50,67;22,31;29,71;43,22;62,15;90
"Economists";18680;50,62;24,25;32,84;46,02;62,44;82,11
"Sales Engineers";68080;50,32;26,85;34,86;46,32;60,75;77,04
"Nuclear Engineers";16520;50,3;32,16;39,15;48,3;57,79;72,94
"Mathematicians";3130;50,17;26,36;35,65;49,86;61,49;75,53
"Political Scientists";5640;50;25,07;36,35;50,44;66,1;74,02
"Medical and Health Services Managers";310320;49,84;26,87;34,53;44,62;58,05;77,47
"Chemical Engineers";33470;49,8;28,59;36,27;46,6;59,28;75,47
"Securities, Commodities, and Financial Services Sales Agents";316340;49,64;15,46;19,03;34,65;68,16;90
"Air Traffic Controllers and Airfield Operations Specialists";29920;49,44;20,29;31,08;48,78;67,05;80,44
"Education Administrators, Postsecondary";131070;48,99;24,15;31,33;42,49;58,98;83,65
"Industrial Production Managers";167200;48,87;27,06;34,35;44,46;58,31;76,04
"Legal Occupations";1052900;48,61;17,23;23,94;36,95;64,15;90
"Mining and Geological Engineers, Including Mining Safety Engineers";8200;48,54;25,38;32,43;43,34;57,49;76,45
"Computer Network Architects";140080;48,42;26,52;35,65;47,32;59,57;72,34
"Electronics Engineers, Except Computer";133990;47,91;29,7;36,36;46,05;57,26;70,95
"Software Developers, Applications";686470;47,85;27,07;35,45;45,92;58,15;71,87
"Marine Engineers and Naval Architects";7570;47,67;28,42;35,51;44,68;56,21;70,59
"Veterinarians";62470;47,23;25,25;33,11;42,11;55,44;75,67
"Nurse Practitioners";122050;47,11;33,09;39,77;45,84;54,55;63,01
"Art Directors";33140;47,05;21,66;29,1;41,16;58,57;80,79
"Nurse Midwives";5110;46,97;31,7;39,7;46,62;54,85;62,09
"Electrical and Electronics Engineers";308530;46,86;28,95;35,48;44,84;56,3;69,81
"Physician Assistants";91670;46,77;30,82;39,47;46,07;55,18;64,77
"Judges, Magistrates, and Other Judicial Workers";48940;46,74;16,63;24,89;44,73;64,95;81,53
"Agents and Business Managers of Artists, Performers, and Athletes";11860;46,74;13,29;18,67;30,87;57,83;90
"Miscellaneous Engineers";124570;46,32;24,72;33,71;45,31;57,9;70,76
"Engineers, All Other";124570;46,32;24,72;33,71;45,31;57,9;70,76
"Electrical Engineers";174550;46,05;28,43;34,84;43,95;55,52;68,85
"Miscellaneous Physical Scientists";23030;46;22,31;30,24;45,21;58,78;72,76
"Physical Scientists, All Other";23030;46;22,31;30,24;45,21;58,78;72,76
"Software Developers and Programmers";1492040;45,81;24,48;32,98;43,9;56,8;70,74
"Health Diagnosing and Treating Practitioners";4833840;45,62;22,97;28;36,26;52,04;83,15
"Construction Managers";227710;45,47;24,51;31,42;41,17;54,98;72,23
"Materials Scientists";6900;45,36;23,01;32,34;44,22;56,31;69,21
"Financial Analysts and Advisors";550820;45,33;20,14;26,75;36,7;53,1;84,88
"Other Management Occupations";2136840;45,06;19,86;28,14;40,77;56,46;74,59
"Engineers";1574480;45,01;26,28;33,17;42,65;54,47;68,31
"Transportation, Storage, and Distribution Managers";106000;44,8;24,35;31,3;41,06;54,04;70,25
"Administrative Services Managers";268730;44,35;21,92;29,81;40,28;54,36;71,72
"Financial Analysts";262610;44,35;23,16;29,01;37,8;51,27;74,36
"Biochemists and Biophysicists";31350;44,21;21,26;28,12;40,84;55,48;71,7
"Biomedical Engineers";20080;44,12;25,33;32,17;41,81;53,24;67
"Information Security Analysts";80180;44,04;24,18;32,23;42,74;54,8;67,53
"Administrative Law Judges, Adjudicators, and Hearing Officers";14140;44;19,95;29,06;42,3;56,56;75,36
"Materials Engineers";24990;43,82;25,62;32,86;42,16;54,15;66,56
"Management Analysts";587450;43,68;21,81;28,82;38,89;52,08;71,21
"Producers and Directors";97300;43,41;15,09;21,62;33,22;52,71;90
"Medical Scientists, Except Epidemiologists";100740;43,35;20,75;26,86;38,43;53,74;71,25
"Industrial-Organizational Psychologists";1110;43,3;24,99;31,5;36,99;51,07;69,94
"Education Administrators";441950;43,23;21,99;30,74;40,76;52,68;66,84
"Psychologists, All Other";11980;43,18;20,31;31,45;44,28;51,2;58,01
"Medical Scientists";106160;42,95;20,76;26,76;37,94;53,2;70,59
"Atmospheric and Space Scientists";10850;42,35;24,05;30,52;42,3;51,87;61,86
"Computer and Information Analysts";608500;42,25;24,39;31,15;40,13;51,12;63,44
"Mathematical Science Occupations";141200;42,08;21,25;28,27;38,59;52,2;67,84
"Computer Systems Analysts";528320;41,98;24,42;31,02;39,76;50,46;62,49
"Mechanical Engineers";270700;41,89;25,58;31,79;39,93;50,15;60,79
"Civil Engineers";263460;41,89;25,27;31,13;39,45;50,09;61,59
"Sales Representatives, Wholesale and Manufacturing, Technical and Scientific Products";335540;41,71;18;25,14;36,13;52,03;71,64
"Financial Examiners";36830;41,57;21,47;27,39;36,69;51,63;70,28
"Environmental Engineers";53240;41,51;24,09;30,67;40,08;50,32;60,28
"Miscellaneous Computer Occupations";212510;41,12;21,65;30,59;40,1;51,11;61,01
"Computer Occupations, All Other";212510;41,12;21,65;30,59;40,1;51,11;61,01
"Actors, Producers, and Directors";156510;41,09;10,82;16,95;28,63;51,49;90
"Industrial Engineers";236990;40,92;25,24;31,52;39,18;48,62;59,33
"Industrial Engineers, Including Health and Safety";261510;40,91;25,06;31,41;39,19;48,82;59,48
"Miscellaneous Health Diagnosing and Treating Practitioners";35310;40,89;19,83;26,95;35,29;49,85;66,41
"Health Diagnosing and Treating Practitioners, All Other";35310;40,89;19,83;26,95;35,29;49,85;66,41
"Database and Systems Administrators and Network Architects";617680;40,85;22,82;29,52;38,87;50,54;62,29
"Health and Safety Engineers, Except Mining Safety Engineers and Inspectors";24530;40,79;23,2;30,07;39,34;50,43;60,99
"Physical Scientists";274510;40,77;20,34;26,43;36,66;50,87;66,76
"Broadcast News Analysts";4310;40,57;13,56;18,58;29,54;49,69;87,73
"First-Line Supervisors of Police and Detectives";101420;40,51;22,94;29,56;38,91;50,07;62,01
"Statisticians";26970;40,39;21,08;28,14;38,46;50,44;62,42
"First-Line Supervisors of Non-Retail Sales Workers";248770;40,39;17,37;23,93;34,42;49,78;71,36
"Computer and Mathematical Occupations";3834180;40,37;19,78;27,36;38,18;51,12;64,66
"Physical Therapists";200670;40,35;27,31;33,02;39,61;46,18;55,81
"Computer Occupations";3692980;40,31;19,72;27,33;38,17;51,08;64,53
"Radiation Therapists";16380;40,25;25,77;31,22;38,51;46,72;56,82
"Education Administrators, All Other";31920;39,88;20,44;26,9;37,03;48,68;61,29
"Operations Research Analysts";86950;39,88;20,58;27,02;36,86;49,25;63,57
"Computer Programmers";302150;39,75;21,22;28,46;37,28;48,28;61,36
"Database Administrators";112170;39,56;21,38;28,42;38,6;49,76;59,51
"Nuclear Power Reactor Operators";7400;39,55;30,24;34,3;39,66;45,05;49,56
"Hydrologists";6580;39,39;24,08;30,05;37,68;46,61;56,34
"Architecture and Engineering Occupations";2418020;39,19;20,01;26,95;36,43;48,52;61,92
"Environmental Scientists and Geoscientists";129310;39,09;19,72;25,25;34,28;47,08;64,13
"Funeral Service Managers";8330;38,98;18,68;25,26;33,11;45,09;66,06
"Detectives and Criminal Investigators";108720;38,72;19,61;25,62;38,4;49,01;61,25
"Architects, Except Landscape and Naval";88900;38,7;21,61;27,59;35,83;45,82;58,61
"Real Estate Brokers";38720;38,66;11,48;15,83;27,58;47,95;85,95
"Chemists and Materials Scientists";92870;38,59;20,13;25,98;35,92;48,62;61,36
"Social Scientists and Related Workers, All Other";32010;38,48;22,03;28,41;36,36;46,34;56,21
"Occupational Therapists";110520;38,46;25,32;31,26;37,89;45,28;54,3
"Life Scientists";278790;38,44;19,64;25,01;34,12;46,75;62,09
"Network and Computer Systems Administrators";365430;38,35;22,22;28,3;36,44;46,36;57,69
"Chiropractors";29830;38,35;15,11;21,86;32,08;45,87;69,11
"Miscellaneous Life Scientists";9400;38,11;20,77;25,36;33,22;46,4;62,08
"Life Scientists, All Other";9400;38,11;20,77;25,36;33,22;46,4;62,08
"Biological Scientists";103210;38,08;19,73;25,32;34,59;46,06;61,15
"Captains, Mates, and Pilots of Water Vessels";30690;38,07;17,49;24,23;34,78;47,67;61,7
"Chemists";85970;38,05;19,98;25,68;35,33;47,77;60,68
"Miscellaneous Social Scientists and Related Workers";49170;37,91;19,83;26,87;36,23;46,36;58,3
"Sociologists";2240;37,89;19,03;25,8;35,01;45,88;61,48
"Architects, Except Naval";107000;37,81;21,07;26,91;35,08;45,16;57,43
"Power Distributors and Dispatchers";11180;37,58;24,74;30,93;37,62;44,56;51,87
"Biological Scientists, All Other";32230;37,46;20,42;27,65;35,92;43,23;55,42
"Actors";59210;37,28;9;11,97;19,82;49,7;90
"First-Line Supervisors of Law Enforcement Workers";146560;37,18;19,88;25,84;35,4;45,92;57,84
"Logisticians";125670;36,94;22,06;27,83;35,51;44,65;54,78
"Audiologists";12250;36,92;22,87;28,34;35,13;43,59;53,35
"Mathematical Science Occupations, All Other";1600;36,9;15,04;20,83;32;47,74;71,02
"Microbiologists";20670;36,79;18,67;23,66;32,59;46,77;60,1
"Elevator Installers and Repairers";20590;36,78;20,16;29,82;37,8;44,55;52,62
"Social Scientists and Related Workers";239140;36,72;18,98;25,3;34,15;44,92;56,53
"Financial Specialists";2564560;36,69;17,93;23,68;31,83;43,58;59,66
"Healthcare Practitioners and Technical Occupations";7854380;36,54;15,18;21,12;29,67;42,23;64,23
"Nuclear Technicians";6380;36,52;22,32;29,27;35,91;42,89;49,23
"Credit Analysts";69390;36,52;19,27;24,07;32,22;43,91;60,6
"Psychologists";117820;36,44;19,35;25,31;33,99;44,61;54,95
"Geographers";1260;36,35;20,9;28,41;36,74;43,44;50,32
"Gaming Managers";3870;36,34;19,75;24,8;32,36;42,48;57,67
"Agricultural Engineers";2450;36,27;22,09;27,99;34,48;43,44;54,18
"Artists and Related Workers";86710;36,15;14,56;21,29;31,66;45,44;63
"Film and Video Editors";24460;36,1;12,27;17,1;27,51;47,03;70,01
"Speech-Language Pathologists";126500;36,01;21,61;26,97;34,4;43,44;53,37
"Ship and Boat Captains and Operators";34760;35,93;15,06;22,25;32,73;45,92;59,72
"Ship Engineers";10060;35,87;17,77;22,83;32,74;44,28;60,6
"Therapists";609870;35,76;21,33;27,15;34,76;43,3;52,22
"Epidemiologists";5420;35,63;20,93;25,52;32,41;41,91;54,02
"Clinical, Counseling, and School Psychologists";104730;35,59;19,27;24,99;33,12;43,19;54,63
"Budget Analysts";57120;35,55;22,23;27,28;34,24;42,98;51,55
"Fashion Designers";17840;35,43;15,99;21,53;30,78;42,88;62,2
"Accountants and Auditors";1187310;35,42;19,64;24,58;31,7;42,08;55,75
"Loan Officers";300580;35,42;15,89;21,35;30,11;43,26;61,73
"First-Line Supervisors of Fire Fighting and Prevention Workers";59870;35,36;20,16;26,24;33,98;43,71;54,05
"Nuclear Medicine Technologists";20320;35,21;25,04;29,68;34,66;41,06;46,43
"Miscellaneous Business Operations Specialists";934370;35,1;17,83;24,08;32,35;43,07;55,33
"Business Operations Specialists, All Other";934370;35,1;17,83;24,08;32,35;43,07;55,33
"Architects, Surveyors, and Cartographers";160590;35,02;19,08;24,72;32,65;42,84;53,9
"Animal Scientists";2350;34,9;18;22,11;29,38;42,34;59,98
"Power Plant Operators, Distributors, and Dispatchers";58880;34,89;22,82;29,23;35,05;41,59;46,78
"Farmers, Ranchers, and Other Agricultural Managers";4300;34,89;16,43;22,52;32,72;43,11;58,5
"Business and Financial Operations Occupations";6828940;34,81;17,31;23,02;31,15;42,16;55,95
"Environmental Scientists and Specialists, Including Health";88740;34,64;19,1;23,83;31,85;42,3;55,28
"Dental Hygienists";196520;34,6;23,65;28,8;34,38;40,98;46,82
"Technical Writers";48210;34,59;19,93;25,52;33,19;42,42;52,14
"Credit Counselors and Loan Officers";330180;34,29;15,57;20,5;28,91;41,85;60,04
"Miscellaneous Financial Specialists";137460;34,24;17,75;23,23;31,46;41,59;53,54
"Financial Specialists, All Other";137460;34,24;17,75;23,23;31,46;41,59;53,54
"Miscellaneous Mathematical Science Occupations";2660;34,12;14,94;19,3;29,5;43,88;63,91
"Transportation Inspectors";24350;34,05;15,78;23,46;33,26;44,19;54,98
"Arbitrators, Mediators, and Conciliators";6710;34,01;15,96;19,99;27,49;40,81;58,2
"Orthotists and Prosthetists";7830;33,99;16,94;22,97;30,79;41,85;53,22
"Insurance Underwriters";91720;33,93;18,87;23,63;30,88;41,35;54,33
"Occupational Health and Safety Specialists";65130;33,88;19,6;25,55;33,27;41,14;48,56
"Electrical and Electronics Repairers, Powerhouse, Substation, and Relay";22120;33,71;23,94;29,86;34,33;38,66;44,27
"Business Operations Specialists";4264370;33,69;17;22,62;30,71;41,27;53,69
"Life, Physical, and Social Science Occupations";1144440;33,69;15,47;20,91;29,55;42,33;56,64
"Sales Representatives, Wholesale and Manufacturing";1730180;33,59;13,53;19,2;28,07;41,41;59,38
"Emergency Management Directors";9770;33,56;16,04;22,17;30,94;42,77;56,2
"Registered Nurses";2687310;33,55;22,06;26,26;32,04;38,98;47,54
"Genetic Counselors";2180;33,43;21,13;26,59;32,45;39,78;48,07
"Landscape Architects";18110;33,43;19,56;24,34;31,04;41,08;51,02
"Supervisors of Protective Service Workers";273750;33,37;16,97;22,48;31,29;42,41;54,22
"Multimedia Artists and Animators";29000;33,37;17,07;22,32;30,59;41,93;53,86
"Power Plant Operators";40300;33,28;21,22;27,63;33,69;39,42;45,22
"Urban and Regional Planners";35820;33,18;20,3;25,38;32,18;40,17;47,86
"Sales Representatives, Services";1736660;33,11;12,37;16,73;24,72;39,01;64,19
"Market Research Analysts and Marketing Specialists";468160;33,03;16,09;21,32;29,47;41,43;56,13
"Web Developers";121020;33,02;16,25;21,8;30,52;41,69;54,17
"Diagnostic Medical Sonographers";59760;32,88;22,56;26,85;32,47;38,18;45,12
"Miscellaneous Media and Communication Equipment Workers";17650;32,8;12,94;21,36;33,13;42,79;52,18
"Media and Communication Equipment Workers, All Other";17650;32,8;12,94;21,36;33,13;42,79;52,18
"Compliance Officers";246970;32,69;17,77;23,19;31,23;39,99;48,68
"Writers and Authors";43500;32,63;13,77;19,67;28,3;40,28;55,2
"Social and Community Service Managers";116670;32,56;18,4;23,33;30,16;39,18;50,26
"Musicians and Singers";38900;32,49;8,98;13,21;24,16;41,56;66,11
"Magnetic Resonance Imaging Technologists";33130;32,36;22,27;26,78;32,26;37,3;44,33
"Television, Video, and Motion Picture Camera Operators and Editors";42770;32,28;11,93;16,46;25,23;39,09;59,15
"Occupational Health and Safety Specialists and Technicians";79120;32,25;17,77;23,56;31,42;39,62;47,29
"Commercial and Industrial Designers";29410;32,23;17,8;23,35;31,07;39,69;48,11
"Postmasters and Mail Superintendents";17930;32,21;24,76;27,58;31,64;37,32;41,22
"Writers and Editors";189060;32,21;14,98;20,46;28,71;39,62;53,21
"Food Scientists and Technologists";14170;32,15;16,9;22,01;29,56;39,55;51,83
"Agricultural and Food Scientists";31670;31,85;17,15;21,99;29,18;38,46;51
"Computer Network Support Specialists";174490;31,8;17,25;22,22;29,72;39,33;50
"Property, Real Estate, and Community Association Managers";171140;31,67;13,58;18,38;26,09;37,61;56,31
"Sales Representatives, Wholesale and Manufacturing, Except Technical and Scientific Products";1394640;31,63;12,88;18,22;26,45;38,21;55,88
"Supervisors of Construction and Extraction Workers";496370;31,32;18,14;22,89;29,32;37,62;47,12
"First-Line Supervisors of Construction Trades and Extraction Workers";496370;31,32;18,14;22,89;29,32;37,62;47,12
"Electrical Power-Line Installers and Repairers";114540;31,24;17,35;24,05;31,7;37,99;45,21
"Insurance Appraisers, Auto Damage";13690;31,13;20,92;25,44;30,49;36,32;43,68
"Purchasing Agents, Except Wholesale, Retail, and Farm Products";288430;31,12;17,88;22,45;29,32;38,06;47,08
"Soil and Plant Scientists";15150;31,1;17,27;21,96;28,81;37,29;48,29
"Supervisors of Installation, Maintenance, and Repair Workers";434810;31,09;17,96;22,9;29,88;37,65;46,28
"First-Line Supervisors of Mechanics, Installers, and Repairers";434810;31,09;17,96;22,9;29,88;37,65;46,28
"Cartographers and Photogrammetrists";11610;31,04;18,56;23,13;29,29;37,57;46,91
"Conservation Scientists";19210;30,97;18,27;23,03;29,74;36,75;44,42
"Compensation, Benefits, and Job Analysis Specialists";80970;30,95;18,53;22,6;29,13;36,87;46,33
"Cost Estimators";209130;30,93;16,56;21,7;28,87;37,87;47,77
"Aerospace Engineering and Operations Technicians";11230;30,92;18,48;24,19;30,66;38,19;44,87
"Editors";97350;30,84;13,93;18,81;26,39;37,14;52,85
"Instructional Coordinators";133780;30,79;17,16;22,61;29,59;37,68;45,95
"Public Relations Specialists";208030;30,79;14,99;19,62;26,77;36,84;50,83
"Insurance Sales Agents";374700;30,64;12,36;16,2;23,01;35,41;57,68
"Claims Adjusters, Appraisers, Examiners, and Investigators";279980;30,56;18,19;22,82;29,95;36,9;44,49
"Claims Adjusters, Examiners, and Investigators";266280;30,53;18,07;22,65;29,91;36,94;44,53
"Gas Plant Operators";16320;30,48;19,93;25,24;30,82;35,72;41,48
"Legal Support Workers, All Other";45120;30,45;14,78;19,82;25,84;37,33;56,52
"Zoologists and Wildlife Biologists";18970;30,4;18,31;22,27;28,02;35,54;46,5
"Petroleum Pump System Operators, Refinery Operators, and Gaugers";41700;30,37;18,42;24,08;30,21;36,13;42,81
"Musicians, Singers, and Related Workers";60770;30,36;9,19;15,02;23,6;37,26;57,65
"Engineering Technicians, Except Drafters, All Other";67640;30,35;16,79;22,58;29,6;36,81;44,84
"Conservation Scientists and Foresters";28350;30,3;18,24;22,91;29,02;36,23;43,44
"Buyers and Purchasing Agents";410230;30,22;16,52;21,29;28,14;37,05;46,67
"Human Resources Specialists";456170;30,09;16,17;20,72;27,6;36,56;47,18
"Mathematical Technicians";1060;29,94;14,93;18,04;26,03;37,16;54,78
"Human Resources Workers";536900;29,85;15,2;20,32;27,57;36,77;47,7
"Electrical and Electronics Drafters";29390;29,83;17,37;22,12;28,26;36,41;44,83
"Anthropologists and Archeologists";7040;29,8;16,63;21,15;28,5;37,02;45,03
"Miscellaneous Sales Representatives, Services";826650;29,79;11,98;16,74;24,84;36,7;53,92
"Sales Representatives, Services, All Other";826650;29,79;11,98;16,74;24,84;36,7;53,92
"Water Transportation Workers";72450;29,73;12,35;17,55;25,54;37,31;53,19
"First-Line Supervisors of Correctional Officers";45150;29,71;17,83;20,73;27,87;37,27;44,94
"Training and Development Specialists";239500;29,58;15,38;20,14;27,57;37;46,95
"Artists and Related Workers, All Other";7700;29,52;12,87;18,53;28;39,99;47,68
"Surveyors, Cartographers, and Photogrammetrists";53580;29,44;16,21;21,05;27,88;36,75;45,29
"Historians";3220;29,41;13,25;17,74;26,86;39,03;48,87
"Rotary Drill Operators, Oil and Gas";26480;29,36;14,7;18,23;25,56;34,89;45,03
"Advertising Sales Agents";154220;29,28;11,08;15,59;23,02;35,56;54,38
"Makeup Artists, Theatrical and Performance";2610;29,25;9,03;12,2;21,3;42,7;55,3
"Diagnostic Related Technologists and Technicians";357690;29,23;18,1;22,88;28,64;35,17;42,24
"Other Healthcare Practitioners and Technical Occupations";144540;29,21;14,92;19,69;27,5;36,93;46,13
"Medical and Clinical Laboratory Technologists";161710;29,12;19,54;24,02;28,57;34,27;39,51
"Media and Communication Workers";556340;29,08;12,34;17,43;25,18;35,91;49,08
"Real Estate Brokers and Sales Agents";196380;29,06;10,5;13,94;20,88;34,82;56,84
"Buyers and Purchasing Agents, Farm Products";11250;29,02;14,35;19,6;26,48;35,44;47,38
"Electrical and Electronics Engineering Technicians";137040;29,01;17,25;22,21;28,76;34,76;42,23
"Surveyors";41970;29;15,74;20,51;27,43;36,5;44,89
"Boilermakers";17210;28,93;17,31;22,43;28,78;35,68;41,98
"Foresters";9140;28,88;18,11;22,42;27,87;34,38;41,23
"Miscellaneous Rail Transportation Workers";3640;28,82;15,56;20,97;28,59;38,25;43,39
"Rail Transportation Workers, All Other";3640;28,82;15,56;20,97;28,59;38,25;43,39
"Signal and Track Switch Repairers";7880;28,81;19,57;24,24;29,15;34,44;37,41
"Miscellaneous Plant and System Operators";107130;28,79;17,37;22,65;28,66;34,77;40,48
"Line Installers and Repairers";228960;28,71;15,14;20,24;29,68;36,05;42,95
"Police and Sheriff's Patrol Officers";638810;28,64;15,88;20,32;27,31;36;44,45
"Police Officers";642190;28,62;15,88;20,32;27,29;35,97;44,42
"Labor Relations Specialists";79780;28,56;8,62;12,79;27,38;38,89;51,82
"Subway and Streetcar Operators";11300;28,48;19,56;23,14;29,87;34,52;37,01
"Therapists, All Other";11770;28,46;15,67;20,17;26,87;35,05;44,06
"Supervisors of Production Workers";592830;28,39;15,89;20,31;26,69;34,84;44,24
"First-Line Supervisors of Production and Operating Workers";592830;28,39;15,89;20,31;26,69;34,84;44,24
"Fire Inspectors and Investigators";11370;28,36;16,35;20,67;26,99;35,12;43,43
"Aircraft Mechanics and Service Technicians";116830;28,29;16,8;22,3;27,4;34,1;41,79
"Sound Engineering Technicians";13750;28,21;10,97;16,08;23,98;35,96;51,38
"Forensic Science Technicians";13570;28,18;16,16;20,15;26,61;34,72;43,94
"Geological and Petroleum Technicians";16020;28,13;12,83;18,35;26,35;36,17;45,55
"Respiratory Therapists";119410;28,12;19,89;23,04;27,27;32,67;37,61
"Avionics Technicians";17150;28,11;16,95;22,96;27,36;33,8;41,02
"Construction and Building Inspectors";88410;28,09;16,33;20,87;26,94;34,37;42,7
"Social Workers, All Other";61410;28,08;15,85;20,09;28,42;35,47;40,69
"Wholesale and Retail Buyers, Except Farm Products";110560;27,98;14,28;18,7;25,13;33,78;45,14
"Librarians";133150;27,94;16,19;21,26;27,01;33,94;41,86
"Stationary Engineers and Boiler Operators";37550;27,92;16,88;21,55;27,08;33,43;41,19
"Appraisers and Assessors of Real Estate";63220;27,89;12,97;17,97;25,27;35,52;45,68
"Entertainers and Performers, Sports and Related Workers";491110;27,83;8,79;11,36;19,09;31,92;55,75
"First-Line Supervisors of Transportation and Material-Moving Machine and Vehicle Operators";197000;27,66;15,59;20,09;26,41;33,9;41,65
"Radiologic Technologists";193400;27,65;18,08;21,77;26,86;32,89;38,5
"Dietitians and Nutritionists";59490;27,62;16,85;21,83;27,38;33,45;38,38
"Engineering Technicians, Except Drafters";432950;27,61;16,16;20,57;26,77;33,56;40,96
"Occupational Therapy Assistants";32230;27,53;17,51;22,2;27,38;32,91;36,92
"Lodging Managers";31740;27,51;13,76;17,42;22,93;31,59;45,57
"Plant and System Operators";315200;27,49;15,36;20,12;26,86;34,34;41,49
"Locomotive Engineers";38470;27,41;19,03;22,03;26,2;30;37,31
"Fire Inspectors";13000;27,41;15,02;19,57;25,97;34,41;42,77
"Tax Examiners and Collectors, and Revenue Agents";63640;27,35;15,1;19,11;24,58;33,85;45,36
"Fundraisers";55230;27,33;15;19,3;25,21;33,84;43,35
"Curators";11200;27,26;13,87;18,22;24,65;33,63;43,2
"Camera Operators, Television, Video, and Motion Picture";18310;27,17;11,36;15,8;23,12;32,91;45,75
"Healthcare Practitioners and Technical Workers, All Other";40840;27,07;12,53;16,49;23,76;35,48;47,38
"Pile-Driver Operators";3470;27,02;13,69;17,88;24,76;37,07;43,83
"Chemical Plant and System Operators";37490;27,01;16,53;21;26,88;33,04;37,68
"Educational, Guidance, School, and Vocational Counselors";246280;26,94;15,37;19,66;25,66;33,29;41,64
"Railroad Conductors and Yardmasters";42900;26,84;18,38;21,53;26,33;31,49;36,79
"Locomotive Engineers and Operators";43970;26,83;18,45;21,36;25,67;29,66;36,99
"Arts, Design, Entertainment, Sports, and Media Occupations";1793700;26,82;9,71;14,16;21,72;33,02;47,6
"Law Enforcement Workers";1216140;26,81;14,22;17,88;24,57;34,16;43,51
"Drafters, Engineering Technicians, and Mapping Technicians";682950;26,77;15,67;19,79;25,7;32,52;39,97
"Industrial Engineering Technicians";65680;26,76;16,43;20,43;25,66;31,79;38,81
"Rail Transportation Workers";122870;26,75;18,48;21,47;26,15;30,77;36,72
"Electrical and Electronics Repairers, Commercial and Industrial Equipment";65900;26,74;16,4;21;26,27;31,57;37,12
"Electro-Mechanical Technicians";14430;26,73;15,99;19,94;25,52;32,74;39,76
"Real Estate Sales Agents";157660;26,7;10,36;13,65;19,71;32,52;50,61
"Mechanical Engineering Technicians";47560;26,67;16,31;20,3;25,74;32,24;38,3
"Gas Compressor and Gas Pumping Station Operators";4700;26,65;16,94;22,15;27,06;31,6;35,82
"Electrical and Electronics Installers and Repairers, Transportation Equipment";14160;26,65;16,68;21,94;26,92;31,69;36,2
"Designers, All Other";6890;26,61;10,64;16,33;23,71;34,65;46,01
"Mechanical Drafters";64070;26,57;16,11;19,96;25,1;31,58;39,72
"Health Educators";57020;26,57;14,25;18,24;24,24;33,16;43,39
"Plant and System Operators, All Other";11610;26,56;15,45;20,55;26,55;32;36,6
"Music Directors and Composers";21880;26,55;10,39;16,88;23,16;31,77;44,16
"Cardiovascular Technologists and Technicians";51080;26,54;13,52;18,09;26,12;33,91;40,84
"Miscellaneous Legal Support Workers";116410;26,51;13,4;17,32;22,93;31,83;45,55
"Court Reporters";18330;26,44;12,82;17,25;23,97;34,18;45,26
"Computer Support Specialists";738030;26,42;14,35;18,46;24,22;32,52;42,68
"Roof Bolters, Mining";5710;26,38;20,51;23,76;26,37;29,02;33,47
"Drafters";199260;26,37;15,97;19,79;24,97;31,27;39,06
"Interior Designers";45010;26,37;13,06;17,31;23,27;32,07;43,13
"Mine Shuttle Car Operators";2630;26,36;20,94;23,95;26,44;28,89;31,92
"Reinforcing Iron and Rebar Workers";18530;26,35;13,42;16,69;24,05;34,52;43,83
"Control and Valve Installers and Repairers, Except Mechanical Door";41290;26,32;14,52;18,67;25,55;33,47;40,15
"Survey Researchers";15410;26,31;9,13;13,98;23,92;35,34;45,71
"Telecommunications Equipment Installers and Repairers, Except Line Installers";213620;26,26;14,72;18,97;26,53;33,39;37,12
"Plumbers, Pipefitters, and Steamfitters";372570;26,26;14,17;18,17;24,36;32,77;42,38
"Electricians";566930;26,21;14,99;18,5;24,57;32,39;41,15
"Telecommunications Line Installers and Repairers";114420;26,17;13,72;17,71;26,18;34,24;39,02
"Supervisors of Office and Administrative Support Workers";1404070;26,15;14,68;18,8;24,42;31,66;39,8
"First-Line Supervisors of Office and Administrative Support Workers";1404070;26,15;14,68;18,8;24,42;31,66;39,8
"Radio and Telecommunications Equipment Installers and Repairers";226930;26,13;14,62;18,81;26,33;33,29;37,07
"Judicial Law Clerks";11660;26,13;14,01;18,56;23,38;31,24;40,17
"Physical Therapist Assistants";76910;26,12;15,31;20,81;26,16;31,59;36,31
"Derrick, Rotary Drill, and Service Unit Operators, Oil, Gas, and Mining";109320;25,85;14,86;17,56;22,63;29,94;40,34
"Locomotive Firers";1610;25,81;17,71;20,06;22,47;29,43;42,74
"Healthcare Social Workers";145920;25,77;15,41;19,41;24,97;30,72;36,99
"Executive Secretaries and Executive Administrative Assistants";713730;25,76;15,78;19,54;24,65;31;37,09
"Crane and Tower Operators";44540;25,75;14,67;18,7;24,39;31,16;39,16
"Supervisors of Transportation and Material Moving Workers";374480;25,72;14,63;18,57;24,36;31,47;38,32
"Food Service Managers";198610;25,72;14,38;18,38;23,34;30,26;39,59
"Drafters, All Other";14270;25,7;15,05;18,46;24,04;31,18;39,07
"Probation Officers and Correctional Treatment Specialists";86810;25,65;15,78;18,38;23,59;31,4;40,34
"Fish and Game Wardens";5820;25,61;15,7;19,57;24,46;29,96;36,39
"Pipelayers, Plumbers, Pipefitters, and Steamfitters";413650;25,6;13,64;17,53;23,61;31,95;41,37
"Explosives Workers, Ordnance Handling Experts, and Blasters";7970;25,56;16,37;20,09;25,07;31,21;35,91
"Transit and Railroad Police";3380;25,56;16;20,24;24,85;29,71;37,51
"Set and Exhibit Designers";10460;25,55;11,36;16,45;23,95;32,68;42,28
"Structural Iron and Steel Workers";60010;25,55;13,94;17,14;23,17;32,52;42,46
"Vocational Education Teachers, Postsecondary";121200;25,54;13,53;17,56;23,25;30,96;41,42
"Miscellaneous Health Practitioners and Technical Workers";65420;25,54;12,82;16,79;22,53;31,66;43,83
"Archivists";5360;25,45;13,64;18,09;23,61;31,17;40,78
"Private Detectives and Investigators";26880;25,43;12,98;16,6;21,43;30,47;41,13
"Adult Basic and Secondary Education and Literacy Teachers and Instructors";65990;25,4;13,6;18,45;23,84;31,58;39,42
"Legal Support Workers";388990;25,4;14,18;17,83;23,14;30,15;39,48
"Rail Car Repairers";20080;25,27;15,87;20,93;25,97;29,46;34,47
"Architectural and Civil Drafters";91520;25,23;15,78;19,37;24,03;29,46;36,37
"Railroad Brake, Signal, and Switch Operators";21060;25,14;18,53;20,99;25,17;29,01;33,48
"Education, Training, and Library Occupations";8435780;25,1;10,11;14,88;22,43;31,36;42,4
"Education Administrators, Preschool and Childcare Center/Program";47150;25,09;13,71;16,78;21,76;29,91;41,88
"Precision Instrument and Equipment Repairers, All Other";11180;25,06;14,7;18,98;25,04;30,15;35,79
"Morticians, Undertakers, and Funeral Directors";25160;25,06;12,46;17,01;22,72;30,19;40,16
"Paralegals and Legal Assistants";272580;24,92;14,56;18,06;23,24;29,81;37,42
"Postal Service Mail Carriers";307490;24,9;16,59;20,5;27,5;27,51;28,09
"Wind Turbine Service Technicians";3710;24,9;17,48;20,18;23,46;28,12;34,02
"Marriage and Family Therapists";30150;24,87;14,67;17,91;23,1;30,17;37,94
"Service Unit Operators, Oil, Gas, and Mining";62080;24,78;14,41;17,11;21,62;28,67;38,52
"Millwrights";39290;24,77;15,04;19,06;24,26;30,55;35,84
"Brickmasons and Blockmasons";59340;24,76;14,28;17,47;22,91;30,3;38,63
"Computer User Support Specialists";563540;24,76;13,59;17,6;22,89;29,83;38,55
"Tapers";16820;24,76;13,82;17;22,42;32,27;41,11
"Media and Communication Workers, All Other";25530;24,73;11,67;15,37;22,05;31,73;42,03
"Choreographers";6030;24,71;9,06;13,73;21,28;32,89;48,96
"Occupational Therapy Assistants and Aides";40800;24,68;11,96;17,5;25,14;31,32;36,19
"Archivists, Curators, and Museum Technicians";26510;24,66;12,52;16,61;22,26;30,22;39,79
"Occupational Health and Safety Technicians";13990;24,65;14,35;17,73;23,14;29,68;37,02
"Airfield Operations Specialists";7050;24,61;12,12;16,48;23,64;29,64;39,28
"Fine Artists, Including Painters, Sculptors, and Illustrators";12100;24,58;8,78;12,85;21,1;31,5;44,42
"Derrick Operators, Oil and Gas";20760;24,56;15,72;18,4;23,28;28,82;35,72
"Commercial Divers";3620;24,55;14,07;16,95;22,06;28,12;40,56
"Art and Design Workers";531920;24,55;10,46;14,04;20,72;30,81;43,58
"Environmental Engineering Technicians";18080;24,53;14,54;17,77;23,16;29,7;37,03
"Meeting, Convention, and Event Planners";77940;24,48;12,47;16,67;22,35;29,6;39,45
"Aircraft Structure, Surfaces, Rigging, and Systems Assemblers";40630;24,43;14,81;18,17;23,24;31,58;36,29
"Earth Drillers, Except Oil and Gas";19160;24,42;13,68;16,56;20,93;27,41;35,32
"Aircraft Cargo Handling Supervisors";5750;24,41;14,54;17,58;22,96;30,03;36,73
"Rail-Track Laying and Maintenance Equipment Operators";14820;24,39;15,31;19,9;24,92;28,54;33,08
"Clinical Laboratory Technologists and Technicians";322170;24,37;13,7;17,6;23,71;29,95;36,23
"Graphic Designers";197540;24,36;13,03;16,64;22,07;29,68;38,74
"Postal Service Workers";501000;24,35;15,31;22,06;26,31;27,5;27,65
"Media and Communication Equipment Workers";214330;24,3;9,45;13,36;20,09;30,45;43,71
"Industrial Machinery Mechanics";313880;24,25;15,1;18,63;23,38;28,97;35,32
"Civil Engineering Technicians";71300;24,18;14,93;18,05;23,24;29,1;35,51
"Costume Attendants";6270;24,17;9,09;12,31;20,03;31,96;39,12
"Computer Numerically Controlled Machine Tool Programmers, Metal and Plastic";24960;24,13;15,24;18,32;22,84;28,57;35,51
"Control and Valve Installers and Repairers";58510;24,13;13,29;16,8;22,4;30,71;37,67
"Insulation Workers, Mechanical";28660;24,12;12,98;16,05;20,67;29,99;41,93
"Tax Examiners, Collectors and Preparers, and Revenue Agents";132230;24,11;10,26;14,68;21,66;30,51;42,94
"Brokerage Clerks";57240;24,1;15,26;18,28;22,85;28,83;35,14
"Tool and Die Makers";75950;24,08;15,05;19,17;23,5;29,14;34,67
"Miscellaneous Electrical and Electronic Equipment Mechanics, Installers, and Repairers";234920;24,08;13,08;17,31;23,32;29,79;36,42
"Miscellaneous Media and Communication Workers";74990;24,06;10,92;15,3;21,34;29,78;40,26
"Brickmasons, Blockmasons, and Stonemasons";70580;24,04;13,5;16,86;22,15;29,43;37,77
"Radio, Cellular, and Tower Equipment Installers and Repairers";13310;23,98;13,4;17,03;23,05;31,12;36,11
"Gaming Supervisors";24100;23,88;14,26;18,4;23,76;28,76;34,51
"Electrical and Electronic Equipment Mechanics, Installers, and Repairers";572780;23,81;12,74;16,76;22,92;30,45;36,18
"Supervisors of Sales Workers";1448550;23,74;11,79;14,78;19,58;27,24;39,87
"First-Line Supervisors of Sales Workers";1448550;23,74;11,79;14,78;19,58;27,24;39,87
"News Analysts, Reporters and Correspondents";46590;23,73;10,3;13,18;17,88;28,15;43,49
"Interpreters and Translators";49460;23,71;10,69;15,27;20,96;29,03;38,78
"Industrial Machinery Installation, Repair, and Maintenance Workers";445630;23,66;14,49;18,02;22,81;28,5;34,79
"Chemical Equipment Operators and Tenders";64710;23,63;13,54;17,32;23,12;29,16;34,97
"Social Workers";603300;23,63;13,58;16,83;21,88;28,8;36,47
"Fire Fighting and Prevention Workers";321790;23,6;10,75;15,24;22,27;29,99;39,36
"Postal Service Clerks";71910;23,58;12,96;17,15;26,72;26,87;27,77
"Exercise Physiologists";6660;23,58;14,76;17,89;22,25;28,16;35,1
"Farm and Home Management Advisors";8900;23,56;12,29;16,63;22,36;29,07;36,66
"First-Line Supervisors of Helpers, Laborers, and Material Movers, Hand";171720;23,55;13,63;17,24;22,45;28,7;35,67
"Mine Cutting and Channeling Machine Operators";6960;23,51;14,49;19,06;24,16;28,11;31,99
"Pumping Station Operators";29590;23,51;13,03;16,92;22,87;29,31;35,1
"Mining Machine Operators, All Other";2470;23,49;14,98;18,53;23,63;28,28;33,24
"Hoist and Winch Operators";2840;23,47;12,49;15,09;19,03;31,88;41,84
"Respiratory Therapy Technicians";10610;23,46;15,03;18,72;22,98;28,13;33,56
"Mining Machine Operators";20960;23,45;14,94;18,84;23,61;28,08;32,66
"Firefighters";308790;23,44;10,64;15,07;22,1;29,78;39,16
"Postal Service Mail Sorters, Processors, and Processing Machine Operators";121590;23,42;14,04;24,46;26,21;26,22;26,31
"Mobile Heavy Equipment Mechanics, Except Engines";119280;23,42;15,28;18,44;22,88;27,79;33,17
"Sheet Metal Workers";132530;23,42;12,3;15,81;21,67;29,03;38,19
"Continuous Mining Machine Operators";11540;23,4;15,1;18,76;23,29;28,02;32,9
"Wellhead Pumpers";12720;23,36;13,19;17,06;22,76;28,9;34,74
"Medical Equipment Repairers";41430;23,34;13,3;16,54;21,95;28,85;35,94
"Miscellaneous First-Line Supervisors, Protective Service Workers";67310;23,29;12,7;16,4;22,03;28,12;35,97
"First-Line Supervisors of Protective Service Workers, All Other";67310;23,29;12,7;16,4;22,03;28,12;35,97
"Model Makers, Metal and Plastic";6140;23,26;12,3;16,45;22,2;29,67;35,62
"Librarians, Curators, and Archivists";253930;23,2;11,05;15,31;21,84;29,17;37,14
"Title Examiners, Abstractors, and Searchers";52960;23,17;13,02;16,14;20,71;27,48;36,68
"Counselors";613750;23,09;12,52;16,12;21,4;28,48;36,45
"Operating Engineers and Other Construction Equipment Operators";344510;23,09;13,55;16,4;20,92;28,27;36,27
"Life, Physical, and Social Science Technicians, All Other";67140;23,01;12,2;16,12;21,47;28,23;35,93
"Hearing Aid Specialists";5570;22,99;10,97;14,69;20,68;30,63;37
"Farm Labor Contractors";950;22,98;9,41;10,75;19,77;29,87;42,62
"Clergy";46510;22,95;10,72;15,18;21,13;28,34;36,74
"Credit Counselors";29600;22,89;13,87;16,51;20,24;25,63;34,82
"Production, Planning, and Expediting Clerks";297050;22,88;12,9;16,64;21,96;27,86;34,64
"Supervisors of Farming, Fishing, and Forestry Workers";18530;22,86;12,53;15,95;21,58;28,2;35,38
"First-Line Supervisors of Farming, Fishing, and Forestry Workers";18530;22,86;12,53;15,95;21,58;28,2;35,38
"Miscellaneous Health Technologists and Technicians";109580;22,85;12,79;15,69;20,53;27,58;35,81
"Loading Machine Operators, Underground Mining";4220;22,84;13,31;18,29;24,18;27,73;29,92
"Chemical Technicians";63760;22,78;13,03;16,34;21,24;27,97;35,17
"Construction Equipment Operators";402920;22,76;13,27;16,17;20,62;27,82;36,01
"Fabric and Apparel Patternmakers";5440;22,73;10,59;14,02;19,86;30,44;39,74
"Counselors, All Other";28240;22,71;12,55;16,27;21,55;28,15;35
"All Occupations";135128260;22,71;8,82;11,04;17,09;27,75;43,3
"Precision Instrument and Equipment Repairers";65810;22,62;12,41;15,9;21,35;28,3;35,21
"Riggers";20350;22,55;12,81;15,56;19,99;26,58;33,7
"Heating, Air Conditioning, and Refrigeration Mechanics and Installers";261390;22,54;13,29;16,64;21,46;27,64;34,05
"Heavy Vehicle and Mobile Equipment Service Technicians and Mechanics";174690;22,53;13,89;17,31;22,08;27,26;32,24
"Extraction Workers";269660;22,49;12,76;15,83;20,26;26,68;34,22
"Broadcast and Sound Engineering Technicians and Radio Operators";101660;22,49;9,9;13,92;19,91;28,5;37,7
"Pump Operators, Except Wellhead Pumpers";12170;22,45;12,22;15,62;20,91;28,41;35,03
"Construction and Extraction Occupations";5290270;22,4;11,74;14,91;19,9;28,03;36,95
"Traffic Technicians";6490;22,38;13,09;16,27;20,88;28,03;34,68
"Life, Physical, and Social Science Technicians";351990;22,35;12,26;15,56;20,49;27,27;35,38
"First-Line Supervisors of Gaming Workers";31100;22,32;11,88;16,36;22,01;27,77;33,56
"Audio-Visual and Multimedia Collections Specialists";8960;22,3;11,9;15,26;21,19;28,24;35,1
"Designers";445200;22,29;10,26;13,39;19,16;28,18;38,23
"Miscellaneous Life, Physical, and Social Science Technicians";144780;22,28;12,38;15,47;20,59;27,13;34,89
"Layout Workers, Metal and Plastic";13070;22,26;12,98;16,51;21,65;27;32,34
"Bridge and Lock Tenders";3280;22,22;12,45;17,1;23,14;26,65;29,01
"Child, Family, and School Social Workers";286520;22,2;13,22;16,15;20,25;26,63;34,86
"Water and Wastewater Treatment Plant and System Operators";111640;22,18;12,81;16,4;21,2;27,07;33,78
"Recreational Therapists";17950;22,14;13,05;16,51;21,15;27,34;33,28
"First-Line Supervisors of Landscaping, Lawn Service, and Groundskeeping Workers";101190;22,13;12,98;16,13;20,75;26,93;33,98
"Audio and Video Equipment Technicians";60200;22,13;10,72;14,59;20,09;27,9;36,03
"Chemical Processing Machine Setters, Operators, and Tenders";108030;22,09;12,4;15,93;21,22;27,69;33,67
"Environmental Science and Protection Technicians, Including Health";33760;22,07;12,82;15,94;20,29;26,75;34,25
"Chefs and Head Cooks";118130;22,06;11,13;14,73;20,01;27,32;35,44
"Model Makers and Patternmakers, Metal and Plastic";9910;22,03;11,57;15,68;21,24;27,78;34,1
"Mental Health and Substance Abuse Social Workers";109460;22,03;12,39;15,58;19,9;26,2;33,8
"Reporters and Correspondents";42280;22,02;10,14;12,94;17,31;26,36;39,39
"Refractory Materials Repairers, Except Brickmasons";1730;22;15,15;18,64;21,59;25,28;29,55
"Radio Operators";1100;21,99;8,97;15,97;22,3;27,49;34,41
"Legal Secretaries";212910;21,96;12,83;15,85;20,56;27,3;34,11
"Dredge Operators";1900;21,94;12,28;15,48;19,69;26,91;34,77
"Health Technologists and Technicians, All Other";96170;21,93;12,76;15,49;19,91;26,53;33,68
"Carpenters";617060;21,92;12,33;15,4;19,63;26,78;35,94
"Other Sales and Related Workers";684170;21,92;8,81;10,42;14,29;25,35;45,79
"Religious Workers";73470;21,88;9,32;13,73;19,82;27,65;36,37
"Occupational Therapy and Physical Therapist Assistants and Aides";166440;21,87;10,19;13,18;21,54;28,93;35,03
"Other Construction and Related Workers";384390;21,86;11,87;15,07;19,79;26,88;35,64
"Construction Trades Workers";3915350;21,81;11,71;14,74;19,3;27,27;36,1
"Community and Social Service Occupations";1930750;21,79;11,53;15;19,85;27,06;35,22
"Counselors, Social Workers, and Other Community and Social Service Specialists";1857280;21,78;11,62;15,04;19,85;27,04;35,17
"Installation, Maintenance, and Repair Occupations";5244670;21,74;11,16;14,9;20,25;27,43;34,88
"Bus and Truck Mechanics and Diesel Engine Specialists";243080;21,71;13,52;16,69;20,98;26,31;31,42
"Drywall Installers, Ceiling Tile Installers, and Tapers";101850;21,68;12,37;15,27;18,73;26,28;37,52
"Health Technologists and Technicians";2876000;21,66;11,96;15,21;19,92;26,77;34,62
"Surgical Technologists";98450;21,64;14,8;17,11;20,84;25,43;29,89
"Correctional Officers and Jailers";434420;21,59;13,12;15,57;19,12;26,76;34,99
"Bailiffs, Correctional Officers, and Jailers";450730;21,55;13,1;15,53;19,08;26,77;34,94
"Rail Yard Engineers, Dinkey Operators, and Hostlers";3900;21,54;15,24;17,98;21,1;24,75;28,87
"Directors, Religious Activities and Education";18850;21,48;9,09;12,56;18,5;27,38;37,92
"Biological Technicians";72640;21,45;12,64;15,67;19,85;25,62;32,65
"Miscellaneous Extraction Workers";5320;21,43;12,13;14,33;19,78;23,81;29,35
"Extraction Workers, All Other";5320;21,43;12,13;14,33;19,78;23,81;29,35
"Painters, Transportation Equipment";49950;21,43;12,37;15,44;19,6;26,23;33,16
"Tank Car, Truck, and Ship Loaders";12490;21,41;11,02;14,55;19,8;28,26;34,57
"Dredge, Excavating, and Loading Machine Operators";53590;21,38;12,89;15,72;19,54;25,87;33
"Insulation Workers";52850;21,34;11,65;14,34;18,17;25,47;36,86
"Museum Technicians and Conservators";9950;21,31;11,05;14,94;19,2;25,96;34,38
"Glaziers";42820;21,26;11,86;15,17;18,47;24,91;36,94
"Excavating and Loading Machine and Dragline Operators";47470;21,23;12,89;15,64;19,15;25,32;33,31
"Tile and Marble Setters";31590;21,23;11,33;14,48;18,74;26,55;35,84
"Maintenance Workers, Machinery";90730;21,18;12,72;16,16;20,5;25,54;30,01
"Radio and Television Announcers";30220;21,17;8,47;9,72;14,32;22,41;38,46
"Mental Health Counselors";120010;21,15;12,52;15,54;19,64;25,37;32,18
"Cargo and Freight Agents";77480;21,14;11,42;15,13;19,89;25,09;31,7
"Protective Service Occupations";3297180;21,14;9,18;11,79;17,88;27,54;38,64
"Security and Fire Alarm Systems Installers";60160;21,11;12,84;16,23;20,46;25,32;30,48
"Miscellaneous Entertainers and Performers, Sports and Related Workers";15780;21,1;8,66;10,49;16,9;25,29;33,03
"Entertainers and Performers, Sports and Related Workers, All Other";15780;21,1;8,66;10,49;16,9;25,29;33,03
"Surveying and Mapping Technicians";50750;21,09;12,15;15,31;19,6;25,74;32,36
"Automotive Body and Related Repairers";137140;21,09;11,84;15,16;19,38;25,66;32,98
"Tax Preparers";68590;21,09;9,11;11,48;17,3;27,04;38,78
"Drywall and Ceiling Tile Installers";85020;21,07;12,19;15,02;18,32;24,86;36,33
"Community and Social Service Specialists, All Other";93710;21,03;11,35;15,24;19,91;25,91;33,11
"Agricultural Inspectors";13800;20,97;12,17;15,84;20,72;24,49;30,28
"Physical Therapist Assistants and Aides";125640;20,96;10;12,39;20,02;28,08;34,45
"Animal Breeders";1110;20,9;9,14;12,89;19,23;27,62;35,15
"Licensed Practical and Licensed Vocational Nurses";695610;20,87;15,21;17,2;20,43;23,78;28,22
"Terrazzo Workers and Finishers";3250;20,8;12,11;14,37;18,79;25,74;32,43
"Forest Fire Inspectors and Prevention Specialists";1630;20,78;11,8;13,9;17,52;25,73;35,6
"Social Science Research Assistants";27780;20,71;9,2;13,84;18,97;25,5;33,45
"Dancers and Choreographers";17270;20,68;8,62;10,23;16,87;26,88;39,41
"Statistical Assistants";14110;20,67;11,7;15,4;20,23;25,31;29,45
"Plasterers and Stucco Masons";20760;20,67;11,99;15,09;18,05;24,85;34,48
"Other Installation, Maintenance, and Repair Occupations";2729400;20,64;10,89;14,31;19,13;25,92;32,92
"Announcers";37680;20,58;8,41;9,52;13,95;22,39;36,94
"Hazardous Materials Removal Workers";42250;20,54;12,43;14,72;18,52;25,32;32,41
"Eligibility Interviewers, Government Programs";122400;20,41;14,18;16,3;20,29;23,74;27,37
"Paving, Surfacing, and Tamping Equipment Operators";54940;20,41;12,11;14,7;18,59;24,05;31,86
"Camera and Photographic Equipment Repairers";3150;20,36;10,81;14;19,24;25,28;31,39
"Bailiffs";16310;20,36;9,92;13,65;18,34;26,98;34,12
"Miscellaneous Education, Training, and Library Workers";109600;20,35;9,86;12,85;18,22;25,24;34,94
"Education, Training, and Library Workers, All Other";109600;20,35;9,86;12,85;18,22;25,24;34,94
"Carpet, Floor, and Tile Installers and Finishers";71980;20,35;10,56;13,65;17,97;24,94;34,53
"Broadcast Technicians";26600;20,34;8,95;11,68;17,58;26,92;36,65
"First-Line Supervisors of Retail Sales Workers";1199770;20,28;11,35;14,08;18,2;23,52;30,53
"Vehicle and Mobile Equipment Mechanics, Installers, and Repairers";1507680;20,25;10,51;13,99;18,97;25,43;31,53
"Stonemasons";11250;20,25;11,36;14,11;18,21;24,01;31,67
"Embalmers";3650;20,24;11,58;15,33;20,06;24,55;29,05
"Tire Builders";17680;20,17;12,03;15,6;20,45;25,41;28,16
"Desktop Publishers";13310;20,17;9,99;13,65;18,37;24,64;31,56
"Heavy and Tractor-Trailer Truck Drivers";1625290;20,16;12,37;15,39;19;23,75;29,4
"Substance Abuse and Behavioral Disorder Counselors";85180;20,13;12,17;15,1;18,88;24,05;29,53
"Electric Motor, Power Tool, and Related Repairers";17380;20,12;11,9;14,84;18,85;24,1;29,86
"Massage Therapists";87670;20,09;8,88;12,06;17,88;26,02;34,59
"Solar Photovoltaic Installers";5170;20,08;13,66;16,08;19,24;23,12;28,05
"Supervisors of Building and Grounds Cleaning and Maintenance Workers";270150;20,05;11,45;14,28;18,56;24,36;30,96
"First-Line Supervisors of Building and Grounds Cleaning and Maintenance Workers";270150;20,05;11,45;14,28;18,56;24,36;30,96
"Patternmakers, Metal and Plastic";3770;20,03;10,75;14,32;19,9;25,3;29,18
"Carpet Installers";26050;20,03;9,9;12,54;17,25;24,63;35,37
"Miscellaneous Communications Equipment Operators";2370;20;12,64;15,2;19,27;24,49;28,72
"Communications Equipment Operators, All Other";2370;20;12,64;15,2;19,27;24,49;28,72
"Machinists";392700;19,97;11,84;15,1;19,22;24,01;29,2
"Metal-Refining Furnace Operators and Tenders";20850;19,83;13,08;16,07;19,78;22,98;27,25
"Computer Operators";58060;19,83;11,13;14,38;19,03;24,88;28,91
"Miscellaneous Financial Clerks";37510;19,8;12,32;15,33;18,86;23,08;28,26
"Financial Clerks, All Other";37510;19,8;12,32;15,33;18,86;23,08;28,26
"Separating, Filtering, Clarifying, Precipitating, and Still Machine Setters, Operators, and Tenders";43310;19,78;11,13;14,29;18,55;24,51;29,85
"Motorboat Operators";4060;19,78;9,24;11,78;17,85;28;33,3
"Cement Masons, Concrete Finishers, and Terrazzo Workers";155820;19,72;11,93;14,28;17,69;23,33;30,93
"Self-Enrichment Education Teachers";202360;19,72;8,95;11,73;17,32;25,09;34,22
"Sailors and Marine Oilers";27640;19,7;10,33;13,78;18,8;24,33;30,2
"Cement Masons and Concrete Finishers";152570;19,7;11,93;14,27;17,67;23,28;30,89
"Payroll and Timekeeping Clerks";166400;19,67;12,49;15,54;19,09;23,14;28,15
"Medical and Clinical Laboratory Technicians";160460;19,59;12,26;14,84;18,45;23,3;28,73
"Pipelayers";41080;19,58;11,94;14;17,79;23,86;31,23
"Floor Layers, Except Carpet, Wood, and Hard Tiles";9830;19,56;11,42;14,39;17,63;22,76;31,09
"Locksmiths and Safe Repairers";17090;19,53;11,17;14,23;18,56;23,97;29,35
"Automotive Technicians and Repairers";786200;19,49;10,19;13,41;18,07;24,11;30,21
"Installation, Maintenance, and Repair Workers, All Other";138460;19,42;10,42;13,37;17,89;24,3;29,91
"Jewelers and Precious Stone and Metal Workers";23200;19,4;10,16;13,03;17,73;23,34;29,67
"Procurement Clerks";70190;19,35;12,24;15,41;19,2;22,81;26,74
"Rolling Machine Setters, Operators, and Tenders, Metal and Plastic";33370;19,34;11,62;14,31;19,18;23,32;28,14
"Engine and Other Machine Assemblers";38330;19,32;12,24;14,83;18,42;24,13;27,93
"Dental Laboratory Technicians";35320;19,3;10,64;13,62;17,71;23,38;29,51
"Welders, Cutters, Solderers, and Brazers";369610;19,25;12,26;14,85;17,99;22,5;28,17
"Meter Readers, Utilities";36210;19,22;10,52;13,27;18,07;24,26;29,89
"Automotive Service Technicians and Mechanics";633390;19,22;10;13,11;17,84;23,93;29,94
"Patternmakers, Wood";950;19,17;10,44;13,83;18,26;22,84;31,22
"Painters, Construction and Maintenance";204600;19,13;11,41;13,91;17,29;22,73;29,85
"Painters and Paperhangers";208170;19,1;11,38;13,88;17,27;22,71;29,83
"Dispatchers, Except Police, Fire, and Ambulance";190330;19,09;10,61;13,53;17,64;22,92;29,34
"Computer Control Programmers and Operators";172990;19,08;11,74;14,31;18,15;22,71;28,17
"Dispatchers";286710;19,04;10,84;13,74;17,77;22,89;28,96
"Roofers";103650;19,04;11,26;13,64;17,19;22,97;29,44
"Welding, Soldering, and Brazing Workers";424960;19,03;12,14;14,68;17,85;22,31;27,83
"Supervisors of Personal Care and Service Workers";193090;19,02;10,71;13,41;17,56;23,16;29,34
"Bus Drivers, Transit and Intercity";158050;18,95;10,28;13,03;18,02;23,96;29,6
"Police, Fire, and Ambulance Dispatchers";96390;18,95;11,44;14,14;17,99;22,85;28,3
"Fitness Trainers and Aerobics Instructors";241000;18,95;8,71;10,84;16,82;24,48;32,48
"Telephone Operators";10220;18,92;9,91;12,49;16,9;24,86;29,41
"Mechanical Door Repairers";17220;18,87;11,96;14,64;17,82;22,13;27,73
"Fallers";6090;18,87;10,46;12,95;16,58;24,01;31,64
"First-Line Supervisors of Housekeeping and Janitorial Workers";168960;18,8;10,74;13,38;17,44;22,8;29,02
"Metal Furnace Operators, Tenders, Pourers, and Casters";30540;18,79;12,07;14,65;18,63;22,36;26,54
"Miscellaneous Community and Social Service Specialists";640230;18,78;10,1;12,74;16,88;22,7;30,31
"Prepress Technicians and Workers";36180;18,75;10,61;13,85;17,89;22,69;28,17
"Medical Appliance Technicians";13290;18,75;10,86;13,51;17,11;22,13;29,43
"Human Resources Assistants, Except Payroll and Timekeeping";135270;18,74;12,06;14,95;18,29;22,19;26,43
"Medical Records and Health Information Technicians";184740;18,68;11,22;13,58;17,26;22,42;28,44
"Milling and Planing Machine Setters, Operators, and Tenders, Metal and Plastic";22110;18,67;11,24;14,02;17,84;22,4;27,82
"Insurance Claims and Policy Processing Clerks";252670;18,63;12,28;14,47;17,66;21,87;26,89
"Secretaries and Administrative Assistants";3649920;18,63;10,66;13,44;17,3;22,51;28,64
"Preschool and Kindergarten Teachers";510650;18,6;9,45;11,68;16,39;23,34;31,22
"Sales and Related Occupations";14248470;18,59;8,34;9,17;12,19;21,17;36,19
"Transportation Security Screeners";43220;18,56;15,75;17,05;18,31;19,75;21,9
"Motorboat Mechanics and Service Technicians";20210;18,56;10,7;13,93;17,95;22,57;27,78
"Construction and Related Workers, All Other";31190;18,54;10,76;13,3;17,02;22,08;28,58
"Dancers";11240;18,53;8,52;9,46;14,31;23,71;34,44
"Computer, Automated Teller, and Office Machine Repairers";110940;18,49;10,51;13,36;17,58;22,53;28,15
"Miscellaneous Construction and Related Workers";32320;18,47;10,66;13,25;16,95;22;28,54
"Miscellaneous Information and Record Clerks";175530;18,46;11,38;14,22;18,12;22,1;25,99
"Information and Record Clerks, All Other";175530;18,46;11,38;14,22;18,12;22,1;25,99
"Maintenance and Repair Workers, General";1282920;18,46;10,27;13,2;17,39;22,72;28,45
"Inspectors, Testers, Sorters, Samplers, and Weighers";489750;18,46;10,01;12,79;16,99;22,54;29,06
"Photographers";52250;18,44;8,71;10,36;14,66;22,32;33,14
"Fishers and Related Fishing Workers";400;18,42;10,11;12,65;16,95;22,73;30,61
"Travel Guides";3090;18,39;9,85;12,81;16,88;21,95;29,2
"Watch Repairers";2390;18,38;9,62;11,7;17,04;22,81;28,94
"First-Line Supervisors of Personal Service Workers";161990;18,38;10,59;13,11;16,95;22,2;28,48
"Structural Metal Fabricators and Fitters";78050;18,35;11,87;14,27;17,58;21,75;26,46
"Community Health Workers";47880;18,35;10;12,94;16,76;22,17;29,02
"Electronic Home Entertainment Equipment Installers and Repairers";26590;18,34;10,43;13,36;17,35;22,57;28,1
"Loan Interviewers and Clerks";212440;18,33;11,73;14,24;17,73;21,86;26,14
"Metal Workers and Plastic Workers";1918310;18,33;10,85;13,55;17,37;22,12;27,62
"Bookkeeping, Accounting, and Auditing Clerks";1575060;18,3;10,81;13,88;17,51;21,98;27,15
"Sales and Related Workers, All Other";88830;18,29;8,97;10,82;14,5;22,18;31,84
"Forest and Conservation Technicians";30310;18,27;12,11;13,6;16,95;21,98;26,28
"Computer-Controlled Machine Tool Operators, Metal and Plastic";148040;18,23;11,38;13,85;17,52;21,88;26,63
"Highway Maintenance Workers";140650;18,22;11,12;13,97;17,59;21,85;26,37
"Rehabilitation Counselors";103890;18,22;10,19;12,79;16,53;21,91;28,75
"Public Address System and Other Announcers";7450;18,2;8,26;9,09;12,37;22,27;30,68
"Miscellaneous Material Moving Workers";22910;18,19;8,91;10,53;14,82;24,08;33,12
"Material Moving Workers, All Other";22910;18,19;8,91;10,53;14,82;24,08;33,12
"Parking Enforcement Workers";8680;18,15;10,6;13,38;17,58;22,56;27,02
"Home Appliance Repairers";33270;18,14;10,02;12,82;17,02;22,21;28,47
"Travel Agents";64750;18,14;9,46;12,67;16,73;22,06;28,4
"Roustabouts, Oil and Gas";73450;18,12;11,49;13,85;17,2;21,64;26,88
"Driver/Sales Workers and Truck Drivers";2828110;18,09;9,21;12,39;16,98;22,42;28,84
"Insulation Workers, Floor, Ceiling, and Wall";24180;18,05;10,57;12,87;16,21;20,81;29,54
"Word Processors and Typists";81300;18;12,05;14,83;17,64;20,76;24,12
"Tool Grinders, Filers, and Sharpeners";10860;17,97;10,7;13,2;17,03;21,6;26,7
"Lathe and Turning Machine Tool Setters, Operators, and Tenders, Metal and Plastic";42570;17,96;11,09;13,81;17,43;21,59;25,88
"Court, Municipal, and License Clerks";128490;17,95;11,3;13,58;17,05;21,27;25,64
"Agricultural and Food Science Technicians";20640;17,95;10,76;13,35;16,89;21,3;26,53
"Farm Equipment Mechanics and Service Technicians";35320;17,94;11,18;13,86;17,38;21,55;25,88
"Paperhangers";3570;17,9;10,12;12,79;15,83;21,57;28,83
"Other Teachers and Instructors";1160720;17,9;8,73;10,56;14,62;21,51;31,53
"Miscellaneous Sales and Related Workers";96440;17,81;8,86;10,51;14,13;21,58;30,94
"Recreational Vehicle Service Technicians";10990;17,8;10,92;13,86;17,13;21,16;26,05
"Septic Tank Servicers and Sewer Pipe Cleaners";24350;17,79;10,25;13;16,73;21,6;27,48
"Proofreaders and Copy Markers";10500;17,78;9,43;12,72;16,82;22,24;27,33
"Floor Sanders and Finishers";4510;17,72;10,56;13,56;17,2;21,42;26,13
"Heat Treating Equipment Setters, Operators, and Tenders, Metal and Plastic";20980;17,72;11,01;13,56;16,98;21,16;25,87
"Furnace, Kiln, Oven, Drier, and Kettle Operators and Tenders";20590;17,69;10,86;13,25;16,78;21,44;26,5
"Semiconductor Processors";23580;17,68;11,79;13,66;16,67;20,61;25,77
"Model Makers and Patternmakers, Wood";2310;17,67;9,89;12,22;16,21;20,99;28,85
"Credit Authorizers, Checkers, and Clerks";46320;17,66;11,75;13,48;16,61;21,05;26,02
"Printing Press Operators";166750;17,64;9,85;12,8;16,87;21,64;26,79
"Medical, Dental, and Ophthalmic Laboratory Technicians";76220;17,63;10,09;12,48;16,07;21,08;27,65
"Funeral Service Workers";63770;17,6;8,81;10,49;14,3;21,84;30,56
"Logging Workers, All Other";2730;17,58;12,1;15,14;17,05;19,52;23,74
"Paper Goods Machine Setters, Operators, and Tenders";92170;17,57;10,01;13,12;16,95;21,43;26,6
"Ophthalmic Medical Technicians";36470;17,56;11,71;13,93;16,94;20,59;24,3
"Log Graders and Scalers";2780;17,54;11,3;13,68;17,03;20,86;23,78
"Logging Workers";37600;17,54;10,75;13,46;16,9;20,96;25,16
"Welding, Soldering, and Brazing Machine Setters, Operators, and Tenders";55360;17,53;11,2;13,64;16,91;20,86;24,86
"Painting Workers";156830;17,49;10,23;12,66;16,22;20,93;26,95
"Fishing and Hunting Workers";560;17,45;9,43;12,37;15,64;21,09;28,78
"Craft Artists";4760;17,45;8,82;10,86;14,94;21,44;30
"Drilling and Boring Machine Tool Setters, Operators, and Tenders, Metal and Plastic";17470;17,44;10,55;12,98;16,59;20,88;25,89
"Dental Assistants";314330;17,43;11,82;14,07;17,02;20,58;23,82
"Opticians, Dispensing";73110;17,43;10,34;12,71;16,48;21,38;26,52
"Correspondence Clerks";7580;17,42;11,39;13,9;17,05;20,67;23,68
"Miscellaneous Metal Workers and Plastic Workers";102920;17,41;10,1;12,46;16,25;21,22;26,92
"Musical Instrument Repairers and Tuners";7660;17,4;9,4;12,07;15,94;20,78;28,57
"Helpers--Extraction Workers";24130;17,36;11,27;13,4;16,58;20,69;24,74
"Refuse and Recyclable Material Collectors";115170;17,32;9,37;11,74;16,18;21,53;28,17
"Miscellaneous Installation, Maintenance, and Repair Workers";349210;17,31;9,24;11,48;15,53;21,56;28,22
"Printing Workers";254360;17,29;9,72;12,47;16,47;21,23;26,34
"Motor Vehicle Operators";3741430;17,29;9,03;11,66;16,15;21,51;27,89
"Mixing and Blending Machine Setters, Operators, and Tenders";122670;17,28;10,22;12,78;16,51;21,08;25,92
"Miscellaneous Transportation Workers";39890;17,28;9,55;11,64;16,25;21,69;26,58
"Transportation Workers, All Other";39890;17,28;9,55;11,64;16,25;21,69;26,58
"Logging Equipment Operators";26010;17,23;10,68;13,44;16,92;20,73;23,6
"Motorcycle Mechanics";15420;17,21;10,22;12,72;16,35;20,93;26,02
"Forming Machine Setters, Operators, and Tenders, Metal and Plastic";127240;17,2;10,45;12,83;16,5;21,02;25,21
"Financial Clerks";3217850;17,2;10,4;12,86;16,35;20,62;25,4
"Construction Laborers";852870;17,19;9,72;11,89;14,95;20,3;28,8
"Small Engine Mechanics";64860;17,18;10,15;12,78;16,41;20,93;25,85
"Medical Transcriptionists";61210;17,11;10,68;13,45;16,71;20,36;23,7
"Billing and Posting Clerks";490860;17,1;11,58;13,63;16,54;19,8;23,49
"Bill and Account Collectors";346960;17,09;10,69;13,03;16,2;19,86;24,58
"Office and Administrative Support Occupations";21638470;17,08;9,37;11,85;15,64;20,87;27,15
"Forging Machine Setters, Operators, and Tenders, Metal and Plastic";21340;17,06;10,29;12,45;16,21;20,93;25,94
"Production Occupations";8934050;17,06;9,22;11,36;15,25;20,83;27,85
"Healthcare Support Workers, All Other";98980;17,04;10,18;12,9;16,64;20,58;24,48
"Forest, Conservation, and Logging Workers";44470;17,03;9,83;12,82;16,44;20,55;24,63
"Metal Workers and Plastic Workers, All Other";22100;16,99;9,49;11,45;15,45;20,89;27,78
"Multiple Machine Tool Setters, Operators, and Tenders, Metal and Plastic";98160;16,96;10,57;12,99;16,42;20,42;23,95
"Slot Supervisors";7000;16,96;9,73;11,61;16;21,03;26,63
"Timing Device Assemblers and Adjusters";1650;16,94;10,17;11,12;14,45;20,72;29,33
"Miscellaneous Teachers and Instructors";892360;16,94;8,63;10,23;13,75;19,48;29,07
"Psychiatric Technicians";64540;16,91;10,09;11,94;14,97;20,52;27,54
"Tree Trimmers and Pruners";39640;16,9;10,13;12,55;15,85;20,56;25,84
"Emergency Medical Technicians and Paramedics";235760;16,88;9,95;12,1;15,24;20,09;26,29
"New Accounts Clerks";52260;16,77;12,11;13,76;16,35;18,86;22,49
"Reservation and Transportation Ticket Agents and Travel Clerks";138260;16,73;9,79;11,59;16,11;21,57;24,82
"Crushing, Grinding, Polishing, Mixing, and Blending Workers";181960;16,72;9,97;12,29;15,89;20,3;24,87
"Segmental Pavers";1130;16,71;8,71;11,58;15,47;18,51;26,72
"Miscellaneous Religious Workers";8110;16,69;8,58;9,47;14,24;21,42;30,23
"Religious Workers, All Other";8110;16,69;8,58;9,47;14,24;21,42;30,23
"Crushing, Grinding, and Polishing Machine Setters, Operators, and Tenders";29980;16,68;9,96;12,16;15,9;20,14;24,28
"Model Makers, Wood";1360;16,62;9,58;11,67;14,88;18,5;27
"Secretaries and Administrative Assistants, Except Legal, Medical, and Executive";2207220;16,59;9,89;12,59;15,98;20,05;24,19
"Transportation and Material Moving Occupations";9249310;16,57;8,71;10,25;14,2;19,97;27,62
"Miscellaneous Office and Administrative Support Workers";234180;16,56;8,95;11,09;15,61;20,27;26,11
"Office and Administrative Support Workers, All Other";234180;16,56;8,95;11,09;15,61;20,27;26,11
"Pourers and Casters, Metal";9690;16,55;10,48;12,69;15,58;19,88;23,45
"Animal Control Workers";13450;16,52;9,8;12,4;15,65;19,72;24,82
"Rock Splitters, Quarry";3630;16,51;10,11;12,81;15,98;19,51;23,59
"Electromechanical Equipment Assemblers";46990;16,5;10,44;12,57;15,75;19,61;23,53
"Grinding, Lapping, Polishing, and Buffing Machine Tool Setters, Operators, and Tenders, Metal and Plastic";70130;16,42;10,25;12,42;15,7;19,45;23,45
"Extruding and Forming Machine Setters, Operators, and Tenders, Synthetic and Glass Fibers";19770;16,39;10,32;12,61;15,85;19,32;23,26
"Automotive Glass Installers and Repairers";15670;16,37;9,77;12,32;15,67;19,72;23,48
"Health Practitioner Support Technologists and Technicians";700820;16,36;10,19;12,32;15,41;19,11;23,83
"Supervisors of Food Preparation and Serving Workers";985470;16,36;9,55;11,29;14,66;19,86;25,8
"Machine Tool Cutting Setters, Operators, and Tenders, Metal and Plastic";342520;16,35;10,1;12,32;15,56;19,38;23,54
"Conveyor Operators and Tenders";38830;16,35;10,41;12,57;15,01;18,73;25,22
"Customer Service Representatives";2511130;16,29;9,55;11,84;15;19,22;24,82
"Medical Equipment Preparers";50550;16,28;10,72;12,76;15,51;18,63;23,07
"Adhesive Bonding Machine Operators and Tenders";18210;16,28;9,96;12,06;15,07;19,02;23,97
"Light Truck or Delivery Services Drivers";797010;16,28;8,88;10,69;14,21;19,33;29,19
"Skincare Specialists";38290;16,26;8,5;9,75;13,97;19,96;28,31
"Extruding and Drawing Machine Setters, Operators, and Tenders, Metal and Plastic";72520;16,25;10,19;12,44;15,68;19,53;23,07
"Outdoor Power Equipment and Other Small Engine Mechanics";29220;16,22;9,93;12,25;15,44;19,24;23,67
"Miscellaneous Textile, Apparel, and Furnishings Workers";71090;16,16;9,38;11,63;14,95;18,9;24,58
"Coil Winders, Tapers, and Finishers";14930;16,12;9,98;12,35;15,86;19,46;22,73
"Medical Secretaries";516050;16,12;10,71;12,78;15,5;18,56;22,74
"Models";5140;16,12;8,13;8,69;9,6;19,25;23,86
"Cabinetmakers and Bench Carpenters";88170;16,11;9,68;11,98;15,18;18,87;23,86
"Coin, Vending, and Amusement Machine Servicers and Repairers";30840;16,1;9,19;11,59;15,32;19,56;23,65
"Library Technicians";94260;16,1;9,18;11,62;15,23;19,77;24,13
"Fence Erectors";20990;16,1;9,87;12,13;15,15;18,52;23,44
"Extruding, Forming, Pressing, and Compacting Machine Setters, Operators, and Tenders";67490;16,09;9,88;12,02;15,43;19,27;23,43
"Industrial Truck and Tractor Operators";521840;16,02;10,1;12,11;15,07;18,66;23,03
"Miscellaneous Motor Vehicle Operators";58210;16,02;8,48;9,44;13,9;21,59;26,64
"Motor Vehicle Operators, All Other";58210;16,02;8,48;9,44;13,9;21,59;26,64
"Upholsterers";29770;16;9,58;11,79;15,33;18,63;24,02
"Other Production Occupations";2471030;16;9,06;10,96;14,56;19,24;25,4
"Other Healthcare Support Occupations";1421960;15,94;10,12;12,35;15,17;18,42;22,73
"Material Recording, Scheduling, Dispatching, and Distributing Workers";3880030;15,93;8,7;10,26;14,04;20,13;27,12
"Order Clerks";190390;15,92;9,34;11,58;14,99;19,11;23,7
"Pesticide Handlers, Sprayers, and Applicators, Vegetation";23790;15,9;10,48;12,58;15,02;18,2;22,61
"Cutting and Slicing Machine Setters, Operators, and Tenders";62570;15,85;9,93;12,12;15,4;18,81;22,81
"Electronic Equipment Installers and Repairers, Motor Vehicles";11460;15,83;8,82;11,14;14,92;18,72;23,7
"Coating, Painting, and Spraying Machine Setters, Operators, and Tenders";90590;15,81;9,93;12,05;15,13;18,67;22,95
"Pest Control Workers";67640;15,8;9,67;12,01;14,74;18,47;23,37
"Information and Record Clerks";5439370;15,8;9,29;11,41;14,64;18,84;23,68
"Grounds Maintenance Workers, All Other";18570;15,7;8,81;10,32;13,85;19,83;26,35
"Miscellaneous Healthcare Support Occupations";1334290;15,67;10,2;12,36;15,04;18,23;22,25
"Electrical, Electronics, and Electromechanical Assemblers";269250;15,65;9,57;11,55;14,68;18,54;23,08
"Foundry Mold and Coremakers";11870;15,63;10,26;12,25;15,07;18,22;22,16
"Parts Salespersons";231240;15,6;8,9;10,73;14,15;18,84;24,4
"Cutting, Punching, and Press Machine Setters, Operators, and Tenders, Metal and Plastic";190250;15,59;9,83;11,87;14,75;18,35;22,66
"First-Line Supervisors of Food Preparation and Serving Workers";867340;15,58;9,46;11,08;14,21;18,76;23,78
"Animal Trainers";11170;15,58;8,49;9,71;12,39;19,33;27,48
"Veterinary Technologists and Technicians";93300;15,56;10,28;12,38;14,94;18,07;21,98
"Protective Service Workers, All Other";113020;15,56;8,73;10,28;13,67;18,48;25,87
"Plating and Coating Machine Setters, Operators, and Tenders, Metal and Plastic";35900;15,54;9,74;11,56;14,52;18,32;23,16
"Gaming Surveillance Officers and Gaming Investigators";10030;15,52;10,02;12,08;14,35;18,18;22,95
"Interviewers, Except Eligibility and Loan";190710;15,5;9,73;12,19;14,81;18,22;22,33
"Data Entry and Information Processing Workers";287240;15,48;9,75;11,95;14,84;18,27;22,25
"Bus Drivers";657500;15,48;8,8;10,96;14,53;18,67;23,58
"Electrical and Electronic Equipment Assemblers";207330;15,42;9,38;11,29;14,38;18,29;22,99
"Preschool Teachers, Except Special Education";352420;15,4;8,98;10,58;13,52;18,11;24,46
"Cutting Workers";78090;15,39;9,61;11,57;14,74;18,4;22,59
"Manufactured Building and Mobile Home Installers";3280;15,35;9,16;11,35;14,23;17,72;23,25
"Phlebotomists";111950;15,33;10,65;12,48;14,74;17,67;21,06
"Social and Human Service Assistants";354800;15,32;9,55;11,36;14,32;18,1;22,85
"Other Office and Administrative Support Workers";3925760;15,31;8,94;10,92;14,28;18,34;23,12
"Shipping, Receiving, and Traffic Clerks";661530;15,27;9,52;11,51;14,39;18,12;22,49
"Assemblers and Fabricators";1810560;15,25;9,05;10,84;14,08;18,19;23,78
"Molders, Shapers, and Casters, Except Metal and Plastic";34610;15,24;9,3;11,25;14,34;18,03;22,78
"Recreation and Fitness Workers";562110;15,22;8,4;9,29;12,4;18,43;26,78
"Helpers--Brickmasons, Blockmasons, Stonemasons, and Tile and Marble Setters";23570;15,12;9,73;11,33;13,86;17,49;22,65
"Print Binding and Finishing Workers";51430;15,11;9,2;11,04;14,19;18,18;22,59
"Miscellaneous Woodworkers";6940;15,1;8,8;10,34;13,51;19,4;23,65
"Woodworkers, All Other";6940;15,1;8,8;10,34;13,51;19,4;23,65
"Production Workers, All Other";217500;15,08;8,74;10,16;13,59;18,09;23,8
"Etchers and Engravers";8630;15,02;8,91;10,78;14,06;18,32;22,75
"Medical Assistants";584970;15,01;10,36;12,26;14,41;17,34;20,56
"Pharmacy Technicians";368760;14,95;9,97;11,76;14,33;17,6;21,1
"Ophthalmic Laboratory Technicians";27610;14,95;9,58;11,26;13,89;17,41;21,91
"Agricultural Workers, All Other";5270;14,9;8,69;10,22;13,16;18,29;25,04
"Office Clerks, General";2889970;14,82;8,79;10,53;13,78;17,82;22,54
"Cooling and Freezing Equipment Operators and Tenders";8070;14,8;9,18;10,85;13,6;18,35;22,5
"Molders and Molding Machine Setters, Operators, and Tenders, Metal and Plastic";140410;14,79;9,43;11,13;13,95;17,59;21,79
"Woodworkers";229870;14,78;9,25;11,06;13,9;17,55;21,91
"Team Assemblers";1125160;14,78;8,94;10,59;13,64;17,69;23,36
"Weighers, Measurers, Checkers, and Samplers, Recordkeeping";69430;14,77;8,93;10,67;13,74;17,79;22,39
"Furniture Finishers";15320;14,74;9,54;11,41;13,85;17,24;21,28
"Machine Feeders and Offbearers";104340;14,73;9,16;10,74;14,08;18,37;21,85
"Molding, Coremaking, and Casting Machine Setters, Operators, and Tenders, Metal and Plastic";128540;14,71;9,37;11,04;13,85;17,51;21,75
"Painting, Coating, and Decorating Workers";16280;14,68;9,12;10,97;13,82;17,33;21,71
"Butchers and Meat Cutters";137050;14,61;8,97;10,65;13,78;17,79;22,08
"Miscellaneous Assemblers and Fabricators";1384290;14,61;8,87;10,47;13,49;17,51;22,91
"Fiberglass Laminators and Fabricators";18770;14,57;9,65;11,42;13,92;17,11;20,63
"Concierges";31050;14,57;9,09;10,7;13,54;17,74;21,94
"Office Machine Operators, Except Computer";66530;14,52;9;10,91;13,71;17,42;21,61
"Data Entry Keyers";205950;14,48;9,46;11,26;13,88;17,12;20,68
"Grinding and Polishing Workers, Hand";29320;14,41;9,36;10,93;13,63;17,2;21,08
"Building Cleaning Workers, All Other";15620;14,39;9,33;11,03;13,67;17,13;20,95
"Bus Drivers, School or Special Client";499440;14,38;8,6;10,38;13,87;17,56;21,45
"Substitute Teachers";622600;14,32;8,46;9,82;12,6;16,7;21,06
"Forest and Conservation Workers";6870;14,25;8,08;9,32;13,06;17,61;22,3
"Helpers, Construction Trades, All Other";19190;14,24;9,26;10,84;13,47;16,83;20,73
"Merchandise Displayers and Window Trimmers";93000;14,2;9,04;10,4;12,78;16,62;21,78
"File Clerks";148280;14,19;8,87;10,45;13,26;17,11;21,28
"Food and Tobacco Roasting, Baking, and Drying Machine Operators and Tenders";18890;14,14;8,81;10,44;13,31;17,3;21,34
"Miscellaneous Production Workers";834750;14,07;8,62;9,9;12,72;17;21,96
"Food Cooking Machine Operators and Tenders";36850;14,06;8,78;10,34;13,26;17,19;21,17
"Counter and Rental Clerks and Parts Salespersons";668850;14,06;8,47;9,47;12,33;16,93;22,56
"Communications Equipment Operators";121470;14,05;9,07;10,58;13,05;16,37;20,64
"Tailors, Dressmakers, and Custom Sewers";20200;14,03;8,73;10,18;12,72;16,3;20,31
"Mail Clerks and Mail Machine Operators, Except Postal Service";99190;14,02;8,8;10,38;13,41;16,99;20,58
"Helpers--Electricians";68280;14;9,16;10,87;13,43;16,52;19,33
"Occupational Therapy Aides";8570;13,96;8,81;9,98;12,76;15,88;21,27
"Models, Demonstrators, and Product Promoters";88740;13,96;8,92;10,14;11,76;15,58;21,7
"Textile, Apparel, and Furnishings Workers, All Other";16110;13,95;8,64;9,89;12,72;16,25;22,3
"Packaging and Filling Machine Operators and Tenders";381760;13,92;8,67;9,91;12,7;16,83;21,56
"Helpers--Pipelayers, Plumbers, Pipefitters, and Steamfitters";51350;13,91;9,21;10,78;13,32;16,46;19,17
"Helpers, Construction Trades";224500;13,9;9,16;10,74;13,24;16,34;19,31
"Healthcare Support Occupations";3940500;13,86;8,89;10,33;12,71;16,22;20,52
"Food Batchmakers";120850;13,84;8,7;10,07;12,87;16,85;21,1
"Demonstrators and Product Promoters";83600;13,83;9,1;10,25;11,79;15,35;21,44
"Cleaning, Washing, and Metal Pickling Equipment Operators and Tenders";17360;13,82;8,96;10,37;12,94;16,45;20,28
"Assemblers and Fabricators, All Other";238720;13,81;8,62;9,88;12,68;16,61;20,79
"Dietetic Technicians";28690;13,75;8,63;9,88;12,39;16,49;21,25
"Woodworking Machine Setters, Operators, and Tenders, Except Sawing";70810;13,74;9,09;10,7;13,2;16,25;19,09
"Other Protective Service Workers";1485490;13,72;8,46;9,5;11,82;16,36;21,58
"Woodworking Machine Setters, Operators, and Tenders";117120;13,71;8,98;10,59;13,13;16,29;19,27
"Agricultural Equipment Operators";26100;13,7;8,63;9,97;12,94;16,38;20,07
"Photographic Process Workers and Processing Machine Operators";28800;13,68;8,58;9,72;11,83;15,71;21,87
"Psychiatric Aides";72860;13,67;9,02;10,8;12,61;15,87;20,34
"Barbers";14140;13,67;8,39;9,35;12,22;16,48;21,94
"Sawing Machine Setters, Operators, and Tenders, Wood";46320;13,66;8,84;10,42;13;16,35;19,56
"Couriers and Messengers";71760;13,63;8,69;10,12;12,81;16,18;20,32
"Other Transportation Workers";331570;13,6;8,33;9,01;10,64;14,43;23,08
"Tailors, Dressmakers, and Sewers";26160;13,57;8,67;10,01;12,31;15,62;19,04
"Miscellaneous Food Processing Workers";220290;13,56;8,67;10,02;12,61;16,32;20,52
"Cutters and Trimmers, Hand";15520;13,54;8,9;10,16;12,46;15,68;20,12
"Material Moving Workers";4364160;13,52;8,5;9,44;11,92;16,09;21,2
"Security Guards and Gaming Surveillance Officers";1087550;13,5;8,53;9,66;11,76;15,73;21,27
"Security Guards";1077520;13,48;8,52;9,64;11,74;15,7;21,25
"Switchboard Operators, Including Answering Service";108890;13,46;8,99;10,44;12,77;15,65;18,77
"Barbers, Hairdressers, Hairstylists and Cosmetologists";357280;13,44;8,26;8,99;11,15;15,51;22,03
"Hairdressers, Hairstylists, and Cosmetologists";343140;13,43;8,25;8,98;11,12;15,47;22,04
"Textile Knitting and Weaving Machine Setters, Operators, and Tenders";22760;13,41;9,02;10,7;13,11;15,76;18,18
"Helpers--Carpenters";38900;13,4;8,96;10,45;12,79;15,63;18,56
"Miscellaneous Protective Service Workers";357610;13,39;8,26;9,04;11,47;16,82;20,69
"Receptionists and Information Clerks";981150;13,38;8,94;10,45;12,87;15,68;18,55
"Helpers--Installation, Maintenance, and Repair Workers";126980;13,33;8,55;9,75;12,21;15,74;19,88
"Driver/Sales Workers";405810;13,33;8,18;8,86;10,7;16,58;22,64
"Gaming Cage Workers";16350;13,25;9,05;10,3;12,41;15,57;19,36
"Counter and Rental Clerks";437610;13,25;8,36;9,18;11,47;15,45;21,1
"Cooks, Private Household";560;13,22;8,49;9,73;11,03;15,61;18,12
"Personal Appearance Workers";493840;13,19;8,26;8,92;10,83;14,94;21,57
"Grounds Maintenance Workers";950780;13,15;8,62;9,86;11,93;15,24;19,38
"Laborers and Freight, Stock, and Material Movers, Hand";2400490;13,07;8,51;9,47;11,74;15,24;19,73
"Tour and Travel Guides";38190;13,03;8,31;9,19;11,82;15,28;18,99
"Transportation Attendants, Except Flight Attendants";16380;13,01;8,26;8,96;11,24;14,8;22,22
"Crossing Guards";66310;13;8,42;9,35;11,9;15,42;18,53
"Textile Machine Setters, Operators, and Tenders";74390;12,99;8,98;10,45;12,64;14,84;17,81
"Helpers--Roofers";11640;12,99;8,96;10,3;12,53;15,31;17,91
"Bicycle Repairers";10520;12,96;8,94;10,39;12,68;14,85;17,91
"Food Processing Workers";767460;12,95;8,62;9,84;12,05;14,92;18,79
"Gaming Service Workers, All Other";16220;12,93;8,4;9,31;11,65;15,09;18,38
"Butchers and Other Meat, Poultry, and Fish Processing Workers";373440;12,91;8,72;10,02;12,14;14,73;18,4
"Helpers--Painters, Paperhangers, Plasterers, and Stucco Masons";11570;12,89;8,85;10,23;12,46;14,57;17,6
"Cooks, All Other";18600;12,88;8,46;9,52;12,01;14,87;18,25
"Textile Cutting Machine Setters, Operators, and Tenders";14370;12,86;8,68;10,05;12,3;14,68;17,96
"Miscellaneous Vehicle and Mobile Equipment Mechanics, Installers, and Repairers";122030;12,86;8,61;9,82;11,78;14,79;18,62
"Landscaping and Groundskeeping Workers";868770;12,85;8,57;9,76;11,68;14,73;18,57
"Textile Winding, Twisting, and Drawing Out Machine Setters, Operators, and Tenders";25740;12,83;9,46;10,69;12,62;14,46;17,16
"Physical Therapist Aides";48730;12,82;8,83;10,1;11,85;14,36;17,71
"Orderlies";52420;12,82;8,71;9,99;11,85;14,71;18,13
"Tellers";514520;12,81;9,65;10,64;12,38;14,47;17,28
"Residential Advisors";95750;12,77;8,41;9,64;11,7;14,81;18,54
"Baggage Porters, Bellhops, and Concierges";75220;12,76;8,3;9,11;11,44;14,98;19,6
"Floral Designers";45050;12,75;8,62;9,79;11,9;14,63;18,11
"Textile Bleaching and Dyeing Machine Operators and Tenders";11510;12,7;8,73;10,01;11,99;15,01;17,87
"Shoe Machine Operators and Tenders";3550;12,69;8,29;9,39;11,9;15,7;18,31
"Building and Grounds Cleaning and Maintenance Occupations";4371450;12,68;8,27;9,12;11,19;14,76;19,5
"Nursing Assistants";1427740;12,62;9,03;10,26;12,07;14,43;17,39
"Tour Guides and Escorts";35100;12,56;8,27;9,11;11,51;14,7;18,17
"Laborers and Material Movers, Hand";3519730;12,56;8,39;9,2;11,24;14,63;18,84
"Miscellaneous Personal Appearance Workers";136550;12,52;8,27;8,8;10,01;13,76;19,96
"Shoe and Leather Workers";11260;12,51;8,33;9,38;11,55;14,7;18,24
"Library Assistants, Clerical";100800;12,51;8,35;9,22;11,5;14,81;18,47
"Slaughterers and Meat Packers";86070;12,44;8,93;10,31;12,29;14,34;16,74
"Shoe and Leather Workers and Repairers";7710;12,42;8,34;9,37;11,43;14,35;18,19
"Recreation Workers";321110;12,42;8,27;9;10,88;14,32;18,86
"Telemarketers";234520;12,41;8,33;9,15;10,93;14,07;18,27
"Retail Salespersons";4562160;12,38;8,19;8,85;10,29;13,54;18,89
"Taxi Drivers and Chauffeurs";178260;12,35;8,4;9,3;11,16;14,23;18,01
"Gaming and Sports Book Writers and Runners";12160;12,33;8,13;8,93;10,85;14,32;19,34
"Tire Repairers and Changers";100510;12,31;8,53;9,62;11,41;14,17;17,78
"Helpers--Production Workers";420520;12,31;8,4;9,35;11,35;14,42;17,95
"Bakers";173730;12,28;8,45;9,38;11,35;14,25;18,07
"Pharmacy Aides";41240;12,28;8,39;9,35;11,15;14,03;18,23
"Ambulance Drivers and Attendants, Except Emergency Medical Technicians";19350;12,26;8,49;9,55;11,58;14,15;17,46
"Janitors and Cleaners, Except Maids and Housekeeping Cleaners";2137730;12,24;8,23;9,03;10,98;14,38;18,46
"Veterinary Assistants and Laboratory Animal Caretakers";71060;12,2;8,41;9,5;11,44;14,06;17,41
"Stock Clerks and Order Fillers";1878860;12,2;8,3;9,07;10,99;14,25;18,34
"Door-to-Door Sales Workers, News and Street Vendors, and Related Workers";7610;12,2;8,3;9;10,35;13,29;19,61
"Food Processing Workers, All Other";43690;12,11;8,47;9,61;11,43;13,98;17,1
"Farmworkers, Farm, Ranch, and Aquacultural Animals";31540;12,1;8,21;9,09;11,02;14,24;17,96
"Farming, Fishing, and Forestry Occupations";447130;12,09;8,35;8,81;9,74;13,71;19,45
"Fabric Menders, Except Garment";710;12,03;8,57;9,67;11,5;13,87;15,96
"Nursing, Psychiatric, and Home Health Aides";2352100;12,03;8,53;9,72;11,33;13,84;16,83
"Sewers, Hand";5960;12,01;8,54;9,57;11,36;13,82;16,9
"Personal Care and Service Occupations";4154360;12,01;8,09;8,78;10,22;13,26;18,48
"Cooks, Institution and Cafeteria";402800;12;8,2;9,22;11,27;14,04;17,36
"Textile, Apparel, and Furnishings Workers";574440;11,99;8,31;9,05;10,86;13,9;17,65
"Funeral Attendants";34950;11,95;8,33;9,37;11,1;13,86;17,38
"Building Cleaning and Pest Control Workers";3150530;11,91;8,16;8,9;10,64;13,92;18,02
"Gaming Change Persons and Booth Cashiers";19580;11,85;8,34;9,33;11,22;13,95;16,85
"Building Cleaning Workers";3082890;11,82;8,15;8,88;10,57;13,8;17,89
"Miscellaneous Personal Care and Service Workers";59090;11,67;8,33;9,1;10,33;13,02;17,2
"Personal Care and Service Workers, All Other";59090;11,67;8,33;9,1;10,33;13,02;17,2
"Meat, Poultry, and Fish Cutters and Trimmers";150310;11,63;8,49;9,56;11,23;13,39;14,99
"Retail Sales Workers";8648920;11,55;8,1;8,69;9,66;12,43;17,44
"Sewing Machine Operators";142070;11,54;8,33;8,95;10,54;13,45;16,77
"Entertainment Attendants and Related Workers, All Other";17580;11,5;8,14;9,04;10,79;13,29;16,19
"Other Personal Care and Service Workers";2556920;11,49;8,06;8,76;10,14;12,36;16,89
"Baggage Porters and Bellhops";44170;11,48;8,15;8,73;10,06;13,31;17,04
"Cooks, Restaurant";1104790;11,4;8,29;9,2;10,81;13,1;15,35
"Animal Care and Service Workers";172990;11,34;8,07;8,7;9,91;12,43;17,12
"Cleaners of Vehicles and Equipment";321740;11,22;8,19;8,8;9,94;12,5;16,34
"Motion Picture Projectionists";6290;11,18;8,15;8,78;10,02;12,53;16,28
"Miscellaneous Food Preparation and Serving Related Workers";45520;11,09;8,09;8,71;9,86;12,8;16,5
"Food Preparation and Serving Related Workers, All Other";45520;11,09;8,09;8,71;9,86;12,8;16,5
"Packers and Packagers, Hand";693170;11,08;8,19;8,78;9,77;12,52;16,33
"Locker Room, Coatroom, and Dressing Room Attendants";17830;11,05;8,13;8,68;9,59;12,56;16,39
"Nonfarm Animal Caretakers";161820;11,04;8,06;8,66;9,78;12,05;16,29
"Agricultural Workers";383570;10,99;8,32;8,72;9,37;11,73;16,3
"Cooks";2227470;10,91;8,09;8,78;10,16;12,45;14,82
"Automotive and Watercraft Service Attendants";104750;10,9;8,26;8,9;10,05;11,93;14,8
"Bartenders";579700;10,88;7,98;8,48;9,16;11,55;16,79
"Maids and Housekeeping Cleaners";929540;10,82;8,03;8,63;9,67;11,79;15,74
"Food Servers, Nonrestaurant";250840;10,82;8,05;8,63;9,57;11,72;15,44
"Manicurists and Pedicurists";79090;10,82;8,27;8,72;9,43;11,63;15,43
"Home Health Aides";799080;10,77;8,19;8,95;10,28;11,69;14,21
"Cooks and Food Preparation Workers";3077690;10,73;8,08;8,72;9,93;12,11;14,64
"Graders and Sorters, Agricultural Products";36100;10,73;8,33;8,87;9,57;11,73;14,7
"Gaming Services Workers";124440;10,7;7,9;8,43;9,09;11,32;16,94
"Hotel, Motel, and Resort Desk Clerks";241140;10,67;8,07;8,73;9,91;11,68;14,64
"Laundry and Dry-Cleaning Workers";199330;10,66;8,13;8,72;9,77;11,72;14,67
"Miscellaneous Agricultural Workers";332560;10,58;8,31;8,68;9,29;11,4;14,85
"Food Preparation and Serving Related Occupations";12277720;10,57;7,97;8,48;9,2;11,38;15,12
"Childcare Workers";582970;10,44;7,97;8,56;9,48;11,64;14,46
"Waiters and Waitresses";2445230;10,4;7,92;8,38;9,01;10,74;15,35
"Parking Lot Attendants";136440;10,39;8,21;8,72;9,52;11,42;14,14
"Miscellaneous Entertainment Attendants and Related Workers";315910;10,34;7,99;8,46;9,15;11,06;14,3
"Entertainment Attendants and Related Workers";560350;10,33;7,96;8,44;9,12;11;14,6
"Cooks, Short Order";180800;10,3;7,99;8,63;9,71;11,46;13,9
"Food Preparation Workers";850220;10,26;8,04;8,6;9,4;11,41;14,09
"Pressers, Textile, Garment, and Related Materials";50150;10,22;8,09;8,69;9,69;11,42;13,67
"Personal Care Aides";1257000;10,2;7,97;8,66;9,83;11,27;13,42
"Lifeguards, Ski Patrol, and Other Recreational Protective Service Workers";135070;10,11;7,91;8,44;9,18;11;14,09
"Gaming Dealers";96060;10,11;7,84;8,33;8,93;9,5;15,5
"Farmworkers and Laborers, Crop, Nursery, and Greenhouse";269650;10,01;8,31;8,63;9,17;10,62;13,41
"Cashiers";3417910;9,94;7,99;8,48;9,17;10,81;13,51
"Amusement and Recreation Attendants";274230;9,9;7,96;8,42;9,08;10,68;13,55
"Ushers, Lobby Attendants, and Ticket Takers";113700;9,87;7,91;8,38;9,02;10,5;13,68
"Dining Room and Cafeteria Attendants and Bartender Helpers";410460;9,86;7,98;8,42;9,02;10,33;13,48
"Food and Beverage Serving Workers";6883630;9,85;7,89;8,35;8,96;10,13;13,47
"Other Food Preparation and Serving Related Workers";1330930;9,65;7,95;8,41;9,03;10,31;12,53
"Hosts and Hostesses, Restaurant, Lounge, and Coffee Shop";372670;9,59;7,88;8,36;9;10,32;12,65
"Counter Attendants, Cafeteria, Food Concession, and Coffee Shop";476470;9,53;7,95;8,4;9,01;10,18;12,25
"Dishwashers";502280;9,4;7,95;8,41;9,03;10,13;11,53
"Shampooers";16560;9,37;8,01;8,46;9,02;10,11;11,59
"Fast Food and Counter Workers";3607860;9,23;7,85;8,3;8,87;9,49;11,53
"Combined Food Preparation and Serving Workers, Including Fast Food";3131390;9,19;7,83;8,28;8,85;9,44;11,46
"Cooks, Fast Food";519910;9,15;7,83;8,33;8,91;9,62;11,39
